case_id,factor,factor_level,seed,method,comparison_protocol,threshold_scale,target_detected,background_Pfa
baseline_v2_targetsnrdb10p0_s20261031,target_snr_db,10.0,20261031,Current legacy CSI [production replay],production_replay,0.5,1.0,0.014847898649673797
baseline_v2_targetsnrdb10p0_s20261031,target_snr_db,10.0,20261031,Current legacy CSI [production replay],production_replay,0.75,1.0,0.005238203610984676
baseline_v2_targetsnrdb10p0_s20261031,target_snr_db,10.0,20261031,Current legacy CSI [production replay],production_replay,1.0,1.0,0.0021847974510696404
baseline_v2_targetsnrdb10p0_s20261031,target_snr_db,10.0,20261031,Current legacy CSI [production replay],production_replay,1.5,1.0,0.00042482172659687455
baseline_v2_targetsnrdb10p0_s20261031,target_snr_db,10.0,20261031,Current legacy CSI [production replay],production_replay,2.0,1.0,5.310271582460932e-05
baseline_v2_targetsnrdb10p0_s20261031,target_snr_db,10.0,20261031,Current legacy CSI [production replay],production_replay,3.0,1.0,0.0
baseline_v2_targetsnrdb10p0_s20261031,target_snr_db,10.0,20261031,Current legacy CSI [production replay],production_replay,5.0,1.0,0.0
baseline_v2_targetsnrdb10p0_s20261031,target_snr_db,10.0,20261031,Phase-only CSI [production replay],production_replay,0.5,1.0,0.009310043999393112
baseline_v2_targetsnrdb10p0_s20261031,target_snr_db,10.0,20261031,Phase-only CSI [production replay],production_replay,0.75,1.0,0.0022056592322864514
baseline_v2_targetsnrdb10p0_s20261031,target_snr_db,10.0,20261031,Phase-only CSI [production replay],production_replay,1.0,1.0,0.00038499468972841755
baseline_v2_targetsnrdb10p0_s20261031,target_snr_db,10.0,20261031,Phase-only CSI [production replay],production_replay,1.5,1.0,5.689576695493855e-06
baseline_v2_targetsnrdb10p0_s20261031,target_snr_db,10.0,20261031,Phase-only CSI [production replay],production_replay,2.0,1.0,0.0
baseline_v2_targetsnrdb10p0_s20261031,target_snr_db,10.0,20261031,Phase-only CSI [production replay],production_replay,3.0,1.0,0.0
baseline_v2_targetsnrdb10p0_s20261031,target_snr_db,10.0,20261031,Phase-only CSI [production replay],production_replay,5.0,1.0,0.0
baseline_v2_targetsnrdb10p0_s20261031,target_snr_db,10.0,20261031,Current legacy CSI [scientific controlled],scientific_controlled,0.5,1.0,0.014834622970717646
baseline_v2_targetsnrdb10p0_s20261031,target_snr_db,10.0,20261031,Current legacy CSI [scientific controlled],scientific_controlled,0.75,1.0,0.005253375815505993
baseline_v2_targetsnrdb10p0_s20261031,target_snr_db,10.0,20261031,Current legacy CSI [scientific controlled],scientific_controlled,1.0,1.0,0.0021904870277651345
baseline_v2_targetsnrdb10p0_s20261031,target_snr_db,10.0,20261031,Current legacy CSI [scientific controlled],scientific_controlled,1.5,1.0,0.00041913214990138065
baseline_v2_targetsnrdb10p0_s20261031,target_snr_db,10.0,20261031,Current legacy CSI [scientific controlled],scientific_controlled,2.0,1.0,5.12061902594447e-05
baseline_v2_targetsnrdb10p0_s20261031,target_snr_db,10.0,20261031,Current legacy CSI [scientific controlled],scientific_controlled,3.0,1.0,0.0
baseline_v2_targetsnrdb10p0_s20261031,target_snr_db,10.0,20261031,Current legacy CSI [scientific controlled],scientific_controlled,5.0,1.0,0.0
baseline_v2_targetsnrdb10p0_s20261031,target_snr_db,10.0,20261031,Phase-only CSI [scientific controlled],scientific_controlled,0.5,1.0,0.009306250948262783
baseline_v2_targetsnrdb10p0_s20261031,target_snr_db,10.0,20261031,Phase-only CSI [scientific controlled],scientific_controlled,0.75,1.0,0.002201866181156122
baseline_v2_targetsnrdb10p0_s20261031,target_snr_db,10.0,20261031,Phase-only CSI [scientific controlled],scientific_controlled,1.0,1.0,0.0003887877408587468
baseline_v2_targetsnrdb10p0_s20261031,target_snr_db,10.0,20261031,Phase-only CSI [scientific controlled],scientific_controlled,1.5,1.0,5.689576695493855e-06
baseline_v2_targetsnrdb10p0_s20261031,target_snr_db,10.0,20261031,Phase-only CSI [scientific controlled],scientific_controlled,2.0,1.0,0.0
baseline_v2_targetsnrdb10p0_s20261031,target_snr_db,10.0,20261031,Phase-only CSI [scientific controlled],scientific_controlled,3.0,1.0,0.0
baseline_v2_targetsnrdb10p0_s20261031,target_snr_db,10.0,20261031,Phase-only CSI [scientific controlled],scientific_controlled,5.0,1.0,0.0
baseline_v2_targetsnrdb10p0_s20261031,target_snr_db,10.0,20261031,Row complex LS / Wiener [scientific controlled],scientific_controlled,0.5,1.0,0.009002806857836443
baseline_v2_targetsnrdb10p0_s20261031,target_snr_db,10.0,20261031,Row complex LS / Wiener [scientific controlled],scientific_controlled,0.75,1.0,0.002251175845850402
baseline_v2_targetsnrdb10p0_s20261031,target_snr_db,10.0,20261031,Row complex LS / Wiener [scientific controlled],scientific_controlled,1.0,1.0,0.0004418904566833561
baseline_v2_targetsnrdb10p0_s20261031,target_snr_db,10.0,20261031,Row complex LS / Wiener [scientific controlled],scientific_controlled,1.5,1.0,1.5172204521316947e-05
baseline_v2_targetsnrdb10p0_s20261031,target_snr_db,10.0,20261031,Row complex LS / Wiener [scientific controlled],scientific_controlled,2.0,1.0,0.0
baseline_v2_targetsnrdb10p0_s20261031,target_snr_db,10.0,20261031,Row complex LS / Wiener [scientific controlled],scientific_controlled,3.0,1.0,0.0
baseline_v2_targetsnrdb10p0_s20261031,target_snr_db,10.0,20261031,Row complex LS / Wiener [scientific controlled],scientific_controlled,5.0,1.0,0.0
baseline_v2_targetsnrdb10p0_s20261031,target_snr_db,10.0,20261031,Row complex LS / Wiener robust IRLS [scientific controlled],scientific_controlled,0.5,1.0,0.009090047033834016
baseline_v2_targetsnrdb10p0_s20261031,target_snr_db,10.0,20261031,Row complex LS / Wiener robust IRLS [scientific controlled],scientific_controlled,0.75,1.0,0.0022701411015020483
baseline_v2_targetsnrdb10p0_s20261031,target_snr_db,10.0,20261031,Row complex LS / Wiener robust IRLS [scientific controlled],scientific_controlled,1.0,1.0,0.0004437869822485207
baseline_v2_targetsnrdb10p0_s20261031,target_snr_db,10.0,20261031,Row complex LS / Wiener robust IRLS [scientific controlled],scientific_controlled,1.5,1.0,1.327567895615233e-05
baseline_v2_targetsnrdb10p0_s20261031,target_snr_db,10.0,20261031,Row complex LS / Wiener robust IRLS [scientific controlled],scientific_controlled,2.0,1.0,0.0
baseline_v2_targetsnrdb10p0_s20261031,target_snr_db,10.0,20261031,Row complex LS / Wiener robust IRLS [scientific controlled],scientific_controlled,3.0,1.0,0.0
baseline_v2_targetsnrdb10p0_s20261031,target_snr_db,10.0,20261031,Row complex LS / Wiener robust IRLS [scientific controlled],scientific_controlled,5.0,1.0,0.0
baseline_v2_targetsnrdb10p0_s20261031,target_snr_db,10.0,20261031,DL-SMI/MVDR global,scientific_controlled,0.5,1.0,0.011066226672735548
baseline_v2_targetsnrdb10p0_s20261031,target_snr_db,10.0,20261031,DL-SMI/MVDR global,scientific_controlled,0.75,1.0,0.006195949021392809
baseline_v2_targetsnrdb10p0_s20261031,target_snr_db,10.0,20261031,DL-SMI/MVDR global,scientific_controlled,1.0,1.0,0.004363905325443787
baseline_v2_targetsnrdb10p0_s20261031,target_snr_db,10.0,20261031,DL-SMI/MVDR global,scientific_controlled,1.5,1.0,0.0025280685783644363
baseline_v2_targetsnrdb10p0_s20261031,target_snr_db,10.0,20261031,DL-SMI/MVDR global,scientific_controlled,2.0,1.0,0.0016139432559550903
baseline_v2_targetsnrdb10p0_s20261031,target_snr_db,10.0,20261031,DL-SMI/MVDR global,scientific_controlled,3.0,1.0,0.000720679714762555
baseline_v2_targetsnrdb10p0_s20261031,target_snr_db,10.0,20261031,DL-SMI/MVDR global,scientific_controlled,5.0,1.0,0.0002048247610377788
baseline_v2_targetsnrdb10p0_s20261031,target_snr_db,10.0,20261031,DL-SMI/MVDR local,scientific_controlled,0.5,1.0,0.010891746320740404
baseline_v2_targetsnrdb10p0_s20261031,target_snr_db,10.0,20261031,DL-SMI/MVDR local,scientific_controlled,0.75,1.0,0.006324912759824003
baseline_v2_targetsnrdb10p0_s20261031,target_snr_db,10.0,20261031,DL-SMI/MVDR local,scientific_controlled,1.0,1.0,0.00461993627674101
baseline_v2_targetsnrdb10p0_s20261031,target_snr_db,10.0,20261031,DL-SMI/MVDR local,scientific_controlled,1.5,1.0,0.0028315126687907754
baseline_v2_targetsnrdb10p0_s20261031,target_snr_db,10.0,20261031,DL-SMI/MVDR local,scientific_controlled,2.0,1.0,0.0018851464117736307
baseline_v2_targetsnrdb10p0_s20261031,target_snr_db,10.0,20261031,DL-SMI/MVDR local,scientific_controlled,3.0,1.0,0.0009596419359732969
baseline_v2_targetsnrdb10p0_s20261031,target_snr_db,10.0,20261031,DL-SMI/MVDR local,scientific_controlled,5.0,1.0,0.0002825823092095281
baseline_v2_targetsnrdb10p0_s20261031,target_snr_db,10.0,20261031,Shrinkage-SMI/MVDR global,scientific_controlled,0.5,1.0,0.011032089212562586
baseline_v2_targetsnrdb10p0_s20261031,target_snr_db,10.0,20261031,Shrinkage-SMI/MVDR global,scientific_controlled,0.75,1.0,0.006233879532696101
baseline_v2_targetsnrdb10p0_s20261031,target_snr_db,10.0,20261031,Shrinkage-SMI/MVDR global,scientific_controlled,1.0,1.0,0.004392353208921256
baseline_v2_targetsnrdb10p0_s20261031,target_snr_db,10.0,20261031,Shrinkage-SMI/MVDR global,scientific_controlled,1.5,1.0,0.002554619936276741
baseline_v2_targetsnrdb10p0_s20261031,target_snr_db,10.0,20261031,Shrinkage-SMI/MVDR global,scientific_controlled,2.0,1.0,0.0016727355484751935
baseline_v2_targetsnrdb10p0_s20261031,target_snr_db,10.0,20261031,Shrinkage-SMI/MVDR global,scientific_controlled,3.0,1.0,0.0007472310726748596
baseline_v2_targetsnrdb10p0_s20261031,target_snr_db,10.0,20261031,Shrinkage-SMI/MVDR global,scientific_controlled,5.0,1.0,0.00021051433773327263
baseline_v2_targetsnrdb10p0_s20261031,target_snr_db,10.0,20261031,Shrinkage-SMI/MVDR local,scientific_controlled,0.5,1.0,0.010923987255348202
baseline_v2_targetsnrdb10p0_s20261031,target_snr_db,10.0,20261031,Shrinkage-SMI/MVDR local,scientific_controlled,0.75,1.0,0.00631163708086785
baseline_v2_targetsnrdb10p0_s20261031,target_snr_db,10.0,20261031,Shrinkage-SMI/MVDR local,scientific_controlled,1.0,1.0,0.004557350933090578
baseline_v2_targetsnrdb10p0_s20261031,target_snr_db,10.0,20261031,Shrinkage-SMI/MVDR local,scientific_controlled,1.5,1.0,0.0027670307995751784
baseline_v2_targetsnrdb10p0_s20261031,target_snr_db,10.0,20261031,Shrinkage-SMI/MVDR local,scientific_controlled,2.0,1.0,0.0018282506448186922
baseline_v2_targetsnrdb10p0_s20261031,target_snr_db,10.0,20261031,Shrinkage-SMI/MVDR local,scientific_controlled,3.0,1.0,0.0008818843878015476
baseline_v2_targetsnrdb10p0_s20261031,target_snr_db,10.0,20261031,Shrinkage-SMI/MVDR local,scientific_controlled,5.0,1.0,0.000248444849036565
baseline_v2_targetsnrdb10p0_s20261031,target_snr_db,10.0,20261031,Corrected JDL physical,scientific_controlled,0.5,1.0,0.0111117432862995
baseline_v2_targetsnrdb10p0_s20261031,target_snr_db,10.0,20261031,Corrected JDL physical,scientific_controlled,0.75,1.0,0.006190259444697315
baseline_v2_targetsnrdb10p0_s20261031,target_snr_db,10.0,20261031,Corrected JDL physical,scientific_controlled,1.0,1.0,0.004327871339705659
baseline_v2_targetsnrdb10p0_s20261031,target_snr_db,10.0,20261031,Corrected JDL physical,scientific_controlled,1.5,1.0,0.00245979365801851
baseline_v2_targetsnrdb10p0_s20261031,target_snr_db,10.0,20261031,Corrected JDL physical,scientific_controlled,2.0,1.0,0.0015001517220452132
baseline_v2_targetsnrdb10p0_s20261031,target_snr_db,10.0,20261031,Corrected JDL physical,scientific_controlled,3.0,1.0,0.0006296464876346533
baseline_v2_targetsnrdb10p0_s20261031,target_snr_db,10.0,20261031,Corrected JDL physical,scientific_controlled,5.0,1.0,0.0001649977241693218
baseline_v2_targetsnrdb10p0_s20261031,target_snr_db,10.0,20261031,MNEC physical,scientific_controlled,0.5,1.0,0.010971400394477318
baseline_v2_targetsnrdb10p0_s20261031,target_snr_db,10.0,20261031,MNEC physical,scientific_controlled,0.75,1.0,0.006218707328174784
baseline_v2_targetsnrdb10p0_s20261031,target_snr_db,10.0,20261031,MNEC physical,scientific_controlled,1.0,1.0,0.0044833864360491575
baseline_v2_targetsnrdb10p0_s20261031,target_snr_db,10.0,20261031,MNEC physical,scientific_controlled,1.5,1.0,0.002670307995751783
baseline_v2_targetsnrdb10p0_s20261031,target_snr_db,10.0,20261031,MNEC physical,scientific_controlled,2.0,1.0,0.0017429069943862843
baseline_v2_targetsnrdb10p0_s20261031,target_snr_db,10.0,20261031,MNEC physical,scientific_controlled,3.0,1.0,0.0008268851464117736
baseline_v2_targetsnrdb10p0_s20261031,target_snr_db,10.0,20261031,MNEC physical,scientific_controlled,5.0,1.0,0.00022947959338491883
baseline_v2_targetsnrdb10p0_s20261031,target_snr_db,10.0,20261031,SA-MNEC physical [approximate academic reference],scientific_controlled,0.5,1.0,0.010933469883174025
baseline_v2_targetsnrdb10p0_s20261031,target_snr_db,10.0,20261031,SA-MNEC physical [approximate academic reference],scientific_controlled,0.75,1.0,0.006216810802609619
baseline_v2_targetsnrdb10p0_s20261031,target_snr_db,10.0,20261031,SA-MNEC physical [approximate academic reference],scientific_controlled,1.0,1.0,0.004487179487179487
baseline_v2_targetsnrdb10p0_s20261031,target_snr_db,10.0,20261031,SA-MNEC physical [approximate academic reference],scientific_controlled,1.5,1.0,0.0026665149446214536
baseline_v2_targetsnrdb10p0_s20261031,target_snr_db,10.0,20261031,SA-MNEC physical [approximate academic reference],scientific_controlled,2.0,1.0,0.0017504930966469427
baseline_v2_targetsnrdb10p0_s20261031,target_snr_db,10.0,20261031,SA-MNEC physical [approximate academic reference],scientific_controlled,3.0,1.0,0.0008287816719769383
baseline_v2_targetsnrdb10p0_s20261031,target_snr_db,10.0,20261031,SA-MNEC physical [approximate academic reference],scientific_controlled,5.0,1.0,0.00022947959338491883
baseline_v2_targetsnrdb10p0_s20261032,target_snr_db,10.0,20261032,Current legacy CSI [production replay],production_replay,0.5,1.0,0.015225307237141557
baseline_v2_targetsnrdb10p0_s20261032,target_snr_db,10.0,20261032,Current legacy CSI [production replay],production_replay,0.75,1.0,0.005439235320892126
baseline_v2_targetsnrdb10p0_s20261032,target_snr_db,10.0,20261032,Current legacy CSI [production replay],production_replay,1.0,1.0,0.0021279016841147017
baseline_v2_targetsnrdb10p0_s20261032,target_snr_db,10.0,20261032,Current legacy CSI [production replay],production_replay,1.5,1.0,0.00033378849946897286
baseline_v2_targetsnrdb10p0_s20261032,target_snr_db,10.0,20261032,Current legacy CSI [production replay],production_replay,2.0,1.0,3.603398573812775e-05
baseline_v2_targetsnrdb10p0_s20261032,target_snr_db,10.0,20261032,Current legacy CSI [production replay],production_replay,3.0,1.0,0.0
baseline_v2_targetsnrdb10p0_s20261032,target_snr_db,10.0,20261032,Current legacy CSI [production replay],production_replay,5.0,1.0,0.0
baseline_v2_targetsnrdb10p0_s20261032,target_snr_db,10.0,20261032,Phase-only CSI [production replay],production_replay,0.5,1.0,0.009156425428614778
baseline_v2_targetsnrdb10p0_s20261032,target_snr_db,10.0,20261032,Phase-only CSI [production replay],production_replay,0.75,1.0,0.002017903201335154
baseline_v2_targetsnrdb10p0_s20261032,target_snr_db,10.0,20261032,Phase-only CSI [production replay],production_replay,1.0,1.0,0.0002977545137308451
baseline_v2_targetsnrdb10p0_s20261032,target_snr_db,10.0,20261032,Phase-only CSI [production replay],production_replay,1.5,1.0,0.0
baseline_v2_targetsnrdb10p0_s20261032,target_snr_db,10.0,20261032,Phase-only CSI [production replay],production_replay,2.0,1.0,0.0
baseline_v2_targetsnrdb10p0_s20261032,target_snr_db,10.0,20261032,Phase-only CSI [production replay],production_replay,3.0,1.0,0.0
baseline_v2_targetsnrdb10p0_s20261032,target_snr_db,10.0,20261032,Phase-only CSI [production replay],production_replay,5.0,1.0,0.0
baseline_v2_targetsnrdb10p0_s20261032,target_snr_db,10.0,20261032,Current legacy CSI [scientific controlled],scientific_controlled,0.5,1.0,0.015246169018358367
baseline_v2_targetsnrdb10p0_s20261032,target_snr_db,10.0,20261032,Current legacy CSI [scientific controlled],scientific_controlled,0.75,1.0,0.005444924897587619
baseline_v2_targetsnrdb10p0_s20261032,target_snr_db,10.0,20261032,Current legacy CSI [scientific controlled],scientific_controlled,1.0,1.0,0.002122212107419208
baseline_v2_targetsnrdb10p0_s20261032,target_snr_db,10.0,20261032,Current legacy CSI [scientific controlled],scientific_controlled,1.5,1.0,0.00032809892277347897
baseline_v2_targetsnrdb10p0_s20261032,target_snr_db,10.0,20261032,Current legacy CSI [scientific controlled],scientific_controlled,2.0,1.0,3.603398573812775e-05
baseline_v2_targetsnrdb10p0_s20261032,target_snr_db,10.0,20261032,Current legacy CSI [scientific controlled],scientific_controlled,3.0,1.0,0.0
baseline_v2_targetsnrdb10p0_s20261032,target_snr_db,10.0,20261032,Current legacy CSI [scientific controlled],scientific_controlled,5.0,1.0,0.0
baseline_v2_targetsnrdb10p0_s20261032,target_snr_db,10.0,20261032,Phase-only CSI [scientific controlled],scientific_controlled,0.5,1.0,0.009160218479745108
baseline_v2_targetsnrdb10p0_s20261032,target_snr_db,10.0,20261032,Phase-only CSI [scientific controlled],scientific_controlled,0.75,1.0,0.0020141101502048247
baseline_v2_targetsnrdb10p0_s20261032,target_snr_db,10.0,20261032,Phase-only CSI [scientific controlled],scientific_controlled,1.0,1.0,0.0002977545137308451
baseline_v2_targetsnrdb10p0_s20261032,target_snr_db,10.0,20261032,Phase-only CSI [scientific controlled],scientific_controlled,1.5,1.0,0.0
baseline_v2_targetsnrdb10p0_s20261032,target_snr_db,10.0,20261032,Phase-only CSI [scientific controlled],scientific_controlled,2.0,1.0,0.0
baseline_v2_targetsnrdb10p0_s20261032,target_snr_db,10.0,20261032,Phase-only CSI [scientific controlled],scientific_controlled,3.0,1.0,0.0
baseline_v2_targetsnrdb10p0_s20261032,target_snr_db,10.0,20261032,Phase-only CSI [scientific controlled],scientific_controlled,5.0,1.0,0.0
baseline_v2_targetsnrdb10p0_s20261032,target_snr_db,10.0,20261032,Row complex LS / Wiener [scientific controlled],scientific_controlled,0.5,1.0,0.00922280382339554
baseline_v2_targetsnrdb10p0_s20261032,target_snr_db,10.0,20261032,Row complex LS / Wiener [scientific controlled],scientific_controlled,0.75,1.0,0.002108936428463056
baseline_v2_targetsnrdb10p0_s20261032,target_snr_db,10.0,20261032,Row complex LS / Wiener [scientific controlled],scientific_controlled,1.0,1.0,0.00045706266120467304
baseline_v2_targetsnrdb10p0_s20261032,target_snr_db,10.0,20261032,Row complex LS / Wiener [scientific controlled],scientific_controlled,1.5,1.0,1.8965255651646184e-06
baseline_v2_targetsnrdb10p0_s20261032,target_snr_db,10.0,20261032,Row complex LS / Wiener [scientific controlled],scientific_controlled,2.0,1.0,0.0
baseline_v2_targetsnrdb10p0_s20261032,target_snr_db,10.0,20261032,Row complex LS / Wiener [scientific controlled],scientific_controlled,3.0,1.0,0.0
baseline_v2_targetsnrdb10p0_s20261032,target_snr_db,10.0,20261032,Row complex LS / Wiener [scientific controlled],scientific_controlled,5.0,1.0,0.0
baseline_v2_targetsnrdb10p0_s20261032,target_snr_db,10.0,20261032,Row complex LS / Wiener robust IRLS [scientific controlled],scientific_controlled,0.5,1.0,0.009272113488089819
baseline_v2_targetsnrdb10p0_s20261032,target_snr_db,10.0,20261032,Row complex LS / Wiener robust IRLS [scientific controlled],scientific_controlled,0.75,1.0,0.002112729479593385
baseline_v2_targetsnrdb10p0_s20261032,target_snr_db,10.0,20261032,Row complex LS / Wiener robust IRLS [scientific controlled],scientific_controlled,1.0,1.0,0.0004551661356395084
baseline_v2_targetsnrdb10p0_s20261032,target_snr_db,10.0,20261032,Row complex LS / Wiener robust IRLS [scientific controlled],scientific_controlled,1.5,1.0,1.8965255651646184e-06
baseline_v2_targetsnrdb10p0_s20261032,target_snr_db,10.0,20261032,Row complex LS / Wiener robust IRLS [scientific controlled],scientific_controlled,2.0,1.0,0.0
baseline_v2_targetsnrdb10p0_s20261032,target_snr_db,10.0,20261032,Row complex LS / Wiener robust IRLS [scientific controlled],scientific_controlled,3.0,1.0,0.0
baseline_v2_targetsnrdb10p0_s20261032,target_snr_db,10.0,20261032,Row complex LS / Wiener robust IRLS [scientific controlled],scientific_controlled,5.0,1.0,0.0
baseline_v2_targetsnrdb10p0_s20261032,target_snr_db,10.0,20261032,DL-SMI/MVDR global,scientific_controlled,0.5,1.0,0.011269154908208163
baseline_v2_targetsnrdb10p0_s20261032,target_snr_db,10.0,20261032,DL-SMI/MVDR global,scientific_controlled,0.75,1.0,0.006347671066605978
baseline_v2_targetsnrdb10p0_s20261032,target_snr_db,10.0,20261032,DL-SMI/MVDR global,scientific_controlled,1.0,1.0,0.004344940069792141
baseline_v2_targetsnrdb10p0_s20261032,target_snr_db,10.0,20261032,DL-SMI/MVDR global,scientific_controlled,1.5,1.0,0.002564102564102564
baseline_v2_targetsnrdb10p0_s20261032,target_snr_db,10.0,20261032,DL-SMI/MVDR global,scientific_controlled,2.0,1.0,0.001566530116825975
baseline_v2_targetsnrdb10p0_s20261032,target_snr_db,10.0,20261032,DL-SMI/MVDR global,scientific_controlled,3.0,1.0,0.0006922318312850858
baseline_v2_targetsnrdb10p0_s20261032,target_snr_db,10.0,20261032,DL-SMI/MVDR global,scientific_controlled,5.0,1.0,0.00021241086329843727
baseline_v2_targetsnrdb10p0_s20261032,target_snr_db,10.0,20261032,DL-SMI/MVDR local,scientific_controlled,0.5,1.0,0.011246396601426187
baseline_v2_targetsnrdb10p0_s20261032,target_snr_db,10.0,20261032,DL-SMI/MVDR local,scientific_controlled,0.75,1.0,0.006357153694431801
baseline_v2_targetsnrdb10p0_s20261032,target_snr_db,10.0,20261032,DL-SMI/MVDR local,scientific_controlled,1.0,1.0,0.0045990744955242
baseline_v2_targetsnrdb10p0_s20261032,target_snr_db,10.0,20261032,DL-SMI/MVDR local,scientific_controlled,1.5,1.0,0.0027746169018358366
baseline_v2_targetsnrdb10p0_s20261032,target_snr_db,10.0,20261032,DL-SMI/MVDR local,scientific_controlled,2.0,1.0,0.0018623881049916553
baseline_v2_targetsnrdb10p0_s20261032,target_snr_db,10.0,20261032,DL-SMI/MVDR local,scientific_controlled,3.0,1.0,0.0008970565923228645
baseline_v2_targetsnrdb10p0_s20261032,target_snr_db,10.0,20261032,DL-SMI/MVDR local,scientific_controlled,5.0,1.0,0.00029206493703535125
baseline_v2_targetsnrdb10p0_s20261032,target_snr_db,10.0,20261032,Shrinkage-SMI/MVDR global,scientific_controlled,0.5,1.0,0.01125208617812168
baseline_v2_targetsnrdb10p0_s20261032,target_snr_db,10.0,20261032,Shrinkage-SMI/MVDR global,scientific_controlled,0.75,1.0,0.006338188438780154
baseline_v2_targetsnrdb10p0_s20261032,target_snr_db,10.0,20261032,Shrinkage-SMI/MVDR global,scientific_controlled,1.0,1.0,0.004386663632225762
baseline_v2_targetsnrdb10p0_s20261032,target_snr_db,10.0,20261032,Shrinkage-SMI/MVDR global,scientific_controlled,1.5,1.0,0.0025906539220148686
baseline_v2_targetsnrdb10p0_s20261032,target_snr_db,10.0,20261032,Shrinkage-SMI/MVDR global,scientific_controlled,2.0,1.0,0.0016063571536944318
baseline_v2_targetsnrdb10p0_s20261032,target_snr_db,10.0,20261032,Shrinkage-SMI/MVDR global,scientific_controlled,3.0,1.0,0.0007149901380670611
baseline_v2_targetsnrdb10p0_s20261032,target_snr_db,10.0,20261032,Shrinkage-SMI/MVDR global,scientific_controlled,5.0,1.0,0.00022379001668942499
baseline_v2_targetsnrdb10p0_s20261032,target_snr_db,10.0,20261032,Shrinkage-SMI/MVDR local,scientific_controlled,0.5,1.0,0.011250189652556516
baseline_v2_targetsnrdb10p0_s20261032,target_snr_db,10.0,20261032,Shrinkage-SMI/MVDR local,scientific_controlled,0.75,1.0,0.00636094674556213
baseline_v2_targetsnrdb10p0_s20261032,target_snr_db,10.0,20261032,Shrinkage-SMI/MVDR local,scientific_controlled,1.0,1.0,0.004544075254134426
baseline_v2_targetsnrdb10p0_s20261032,target_snr_db,10.0,20261032,Shrinkage-SMI/MVDR local,scientific_controlled,1.5,1.0,0.0027177211348808983
baseline_v2_targetsnrdb10p0_s20261032,target_snr_db,10.0,20261032,Shrinkage-SMI/MVDR local,scientific_controlled,2.0,1.0,0.0017903201335153999
baseline_v2_targetsnrdb10p0_s20261032,target_snr_db,10.0,20261032,Shrinkage-SMI/MVDR local,scientific_controlled,3.0,1.0,0.0008496434531937491
baseline_v2_targetsnrdb10p0_s20261032,target_snr_db,10.0,20261032,Shrinkage-SMI/MVDR local,scientific_controlled,5.0,1.0,0.00027309968138370506
baseline_v2_targetsnrdb10p0_s20261032,target_snr_db,10.0,20261032,Corrected JDL physical,scientific_controlled,0.5,1.0,0.011236913973600365
baseline_v2_targetsnrdb10p0_s20261032,target_snr_db,10.0,20261032,Corrected JDL physical,scientific_controlled,0.75,1.0,0.006338188438780154
baseline_v2_targetsnrdb10p0_s20261032,target_snr_db,10.0,20261032,Corrected JDL physical,scientific_controlled,1.0,1.0,0.004314595660749507
baseline_v2_targetsnrdb10p0_s20261032,target_snr_db,10.0,20261032,Corrected JDL physical,scientific_controlled,1.5,1.0,0.002465483234714004
baseline_v2_targetsnrdb10p0_s20261032,target_snr_db,10.0,20261032,Corrected JDL physical,scientific_controlled,2.0,1.0,0.0014717038385677439
baseline_v2_targetsnrdb10p0_s20261032,target_snr_db,10.0,20261032,Corrected JDL physical,scientific_controlled,3.0,1.0,0.0006220603853739949
baseline_v2_targetsnrdb10p0_s20261032,target_snr_db,10.0,20261032,Corrected JDL physical,scientific_controlled,5.0,1.0,0.00016310119860415718
baseline_v2_targetsnrdb10p0_s20261032,target_snr_db,10.0,20261032,MNEC physical,scientific_controlled,0.5,1.0,0.011221741769079047
baseline_v2_targetsnrdb10p0_s20261032,target_snr_db,10.0,20261032,MNEC physical,scientific_controlled,0.75,1.0,0.006321119708693673
baseline_v2_targetsnrdb10p0_s20261032,target_snr_db,10.0,20261032,MNEC physical,scientific_controlled,1.0,1.0,0.004458731603702018
baseline_v2_targetsnrdb10p0_s20261032,target_snr_db,10.0,20261032,MNEC physical,scientific_controlled,1.5,1.0,0.0026418601122743133
baseline_v2_targetsnrdb10p0_s20261032,target_snr_db,10.0,20261032,MNEC physical,scientific_controlled,2.0,1.0,0.0016992869063874982
baseline_v2_targetsnrdb10p0_s20261032,target_snr_db,10.0,20261032,MNEC physical,scientific_controlled,3.0,1.0,0.0007718859050219997
baseline_v2_targetsnrdb10p0_s20261032,target_snr_db,10.0,20261032,MNEC physical,scientific_controlled,5.0,1.0,0.00025034137460172963
baseline_v2_targetsnrdb10p0_s20261032,target_snr_db,10.0,20261032,SA-MNEC physical [approximate academic reference],scientific_controlled,0.5,1.0,0.011183811257775754
baseline_v2_targetsnrdb10p0_s20261032,target_snr_db,10.0,20261032,SA-MNEC physical [approximate academic reference],scientific_controlled,0.75,1.0,0.006317326657563344
baseline_v2_targetsnrdb10p0_s20261032,target_snr_db,10.0,20261032,SA-MNEC physical [approximate academic reference],scientific_controlled,1.0,1.0,0.004464421180397512
baseline_v2_targetsnrdb10p0_s20261032,target_snr_db,10.0,20261032,SA-MNEC physical [approximate academic reference],scientific_controlled,1.5,1.0,0.0026532392656653013
baseline_v2_targetsnrdb10p0_s20261032,target_snr_db,10.0,20261032,SA-MNEC physical [approximate academic reference],scientific_controlled,2.0,1.0,0.0017011834319526626
baseline_v2_targetsnrdb10p0_s20261032,target_snr_db,10.0,20261032,SA-MNEC physical [approximate academic reference],scientific_controlled,3.0,1.0,0.0007775754817174936
baseline_v2_targetsnrdb10p0_s20261032,target_snr_db,10.0,20261032,SA-MNEC physical [approximate academic reference],scientific_controlled,5.0,1.0,0.00025034137460172963
baseline_v2_targetsnrdb10p0_s20261033,target_snr_db,10.0,20261033,Current legacy CSI [production replay],production_replay,0.5,1.0,0.01480807161280534
baseline_v2_targetsnrdb10p0_s20261033,target_snr_db,10.0,20261033,Current legacy CSI [production replay],production_replay,0.75,1.0,0.004883553330298892
baseline_v2_targetsnrdb10p0_s20261033,target_snr_db,10.0,20261033,Current legacy CSI [production replay],production_replay,1.0,1.0,0.0018073888636018812
baseline_v2_targetsnrdb10p0_s20261033,target_snr_db,10.0,20261033,Current legacy CSI [production replay],production_replay,1.5,1.0,0.0002067212866029434
baseline_v2_targetsnrdb10p0_s20261033,target_snr_db,10.0,20261033,Current legacy CSI [production replay],production_replay,2.0,1.0,2.0861781216810804e-05
baseline_v2_targetsnrdb10p0_s20261033,target_snr_db,10.0,20261033,Current legacy CSI [production replay],production_replay,3.0,1.0,0.0
baseline_v2_targetsnrdb10p0_s20261033,target_snr_db,10.0,20261033,Current legacy CSI [production replay],production_replay,5.0,1.0,0.0
baseline_v2_targetsnrdb10p0_s20261033,target_snr_db,10.0,20261033,Phase-only CSI [production replay],production_replay,0.5,1.0,0.0086728114094978
baseline_v2_targetsnrdb10p0_s20261033,target_snr_db,10.0,20261033,Phase-only CSI [production replay],production_replay,0.75,1.0,0.0013749810347443484
baseline_v2_targetsnrdb10p0_s20261033,target_snr_db,10.0,20261033,Phase-only CSI [production replay],production_replay,1.0,1.0,0.00010430890608405401
baseline_v2_targetsnrdb10p0_s20261033,target_snr_db,10.0,20261033,Phase-only CSI [production replay],production_replay,1.5,1.0,0.0
baseline_v2_targetsnrdb10p0_s20261033,target_snr_db,10.0,20261033,Phase-only CSI [production replay],production_replay,2.0,1.0,0.0
baseline_v2_targetsnrdb10p0_s20261033,target_snr_db,10.0,20261033,Phase-only CSI [production replay],production_replay,3.0,1.0,0.0
baseline_v2_targetsnrdb10p0_s20261033,target_snr_db,10.0,20261033,Phase-only CSI [production replay],production_replay,5.0,1.0,0.0
baseline_v2_targetsnrdb10p0_s20261033,target_snr_db,10.0,20261033,Current legacy CSI [scientific controlled],scientific_controlled,0.5,1.0,0.014813761189500835
baseline_v2_targetsnrdb10p0_s20261033,target_snr_db,10.0,20261033,Current legacy CSI [scientific controlled],scientific_controlled,0.75,1.0,0.004891139432559551
baseline_v2_targetsnrdb10p0_s20261033,target_snr_db,10.0,20261033,Current legacy CSI [scientific controlled],scientific_controlled,1.0,1.0,0.0018073888636018812
baseline_v2_targetsnrdb10p0_s20261033,target_snr_db,10.0,20261033,Current legacy CSI [scientific controlled],scientific_controlled,1.5,1.0,0.00021051433773327263
baseline_v2_targetsnrdb10p0_s20261033,target_snr_db,10.0,20261033,Current legacy CSI [scientific controlled],scientific_controlled,2.0,1.0,1.7068730086481566e-05
baseline_v2_targetsnrdb10p0_s20261033,target_snr_db,10.0,20261033,Current legacy CSI [scientific controlled],scientific_controlled,3.0,1.0,0.0
baseline_v2_targetsnrdb10p0_s20261033,target_snr_db,10.0,20261033,Current legacy CSI [scientific controlled],scientific_controlled,5.0,1.0,0.0
baseline_v2_targetsnrdb10p0_s20261033,target_snr_db,10.0,20261033,Phase-only CSI [scientific controlled],scientific_controlled,0.5,1.0,0.00864436352602033
baseline_v2_targetsnrdb10p0_s20261033,target_snr_db,10.0,20261033,Phase-only CSI [scientific controlled],scientific_controlled,0.75,1.0,0.0013787740858746775
baseline_v2_targetsnrdb10p0_s20261033,target_snr_db,10.0,20261033,Phase-only CSI [scientific controlled],scientific_controlled,1.0,1.0,0.00010620543164921864
baseline_v2_targetsnrdb10p0_s20261033,target_snr_db,10.0,20261033,Phase-only CSI [scientific controlled],scientific_controlled,1.5,1.0,0.0
baseline_v2_targetsnrdb10p0_s20261033,target_snr_db,10.0,20261033,Phase-only CSI [scientific controlled],scientific_controlled,2.0,1.0,0.0
baseline_v2_targetsnrdb10p0_s20261033,target_snr_db,10.0,20261033,Phase-only CSI [scientific controlled],scientific_controlled,3.0,1.0,0.0
baseline_v2_targetsnrdb10p0_s20261033,target_snr_db,10.0,20261033,Phase-only CSI [scientific controlled],scientific_controlled,5.0,1.0,0.0
baseline_v2_targetsnrdb10p0_s20261033,target_snr_db,10.0,20261033,Row complex LS / Wiener [scientific controlled],scientific_controlled,0.5,1.0,0.00879229252010317
baseline_v2_targetsnrdb10p0_s20261033,target_snr_db,10.0,20261033,Row complex LS / Wiener [scientific controlled],scientific_controlled,0.75,1.0,0.0015741162190866334
baseline_v2_targetsnrdb10p0_s20261033,target_snr_db,10.0,20261033,Row complex LS / Wiener [scientific controlled],scientific_controlled,1.0,1.0,0.00017827340312547414
baseline_v2_targetsnrdb10p0_s20261033,target_snr_db,10.0,20261033,Row complex LS / Wiener [scientific controlled],scientific_controlled,1.5,1.0,1.8965255651646184e-06
baseline_v2_targetsnrdb10p0_s20261033,target_snr_db,10.0,20261033,Row complex LS / Wiener [scientific controlled],scientific_controlled,2.0,1.0,0.0
baseline_v2_targetsnrdb10p0_s20261033,target_snr_db,10.0,20261033,Row complex LS / Wiener [scientific controlled],scientific_controlled,3.0,1.0,0.0
baseline_v2_targetsnrdb10p0_s20261033,target_snr_db,10.0,20261033,Row complex LS / Wiener [scientific controlled],scientific_controlled,5.0,1.0,0.0
baseline_v2_targetsnrdb10p0_s20261033,target_snr_db,10.0,20261033,Row complex LS / Wiener robust IRLS [scientific controlled],scientific_controlled,0.5,1.0,0.008832119556971628
baseline_v2_targetsnrdb10p0_s20261033,target_snr_db,10.0,20261033,Row complex LS / Wiener robust IRLS [scientific controlled],scientific_controlled,0.75,1.0,0.001594978000303444
baseline_v2_targetsnrdb10p0_s20261033,target_snr_db,10.0,20261033,Row complex LS / Wiener robust IRLS [scientific controlled],scientific_controlled,1.0,1.0,0.00017827340312547414
baseline_v2_targetsnrdb10p0_s20261033,target_snr_db,10.0,20261033,Row complex LS / Wiener robust IRLS [scientific controlled],scientific_controlled,1.5,1.0,1.8965255651646184e-06
baseline_v2_targetsnrdb10p0_s20261033,target_snr_db,10.0,20261033,Row complex LS / Wiener robust IRLS [scientific controlled],scientific_controlled,2.0,1.0,0.0
baseline_v2_targetsnrdb10p0_s20261033,target_snr_db,10.0,20261033,Row complex LS / Wiener robust IRLS [scientific controlled],scientific_controlled,3.0,1.0,0.0
baseline_v2_targetsnrdb10p0_s20261033,target_snr_db,10.0,20261033,Row complex LS / Wiener robust IRLS [scientific controlled],scientific_controlled,5.0,1.0,0.0
baseline_v2_targetsnrdb10p0_s20261033,target_snr_db,10.0,20261033,DL-SMI/MVDR global,scientific_controlled,0.5,1.0,0.010823471400394477
baseline_v2_targetsnrdb10p0_s20261033,target_snr_db,10.0,20261033,DL-SMI/MVDR global,scientific_controlled,0.75,1.0,0.00618836291913215
baseline_v2_targetsnrdb10p0_s20261033,target_snr_db,10.0,20261033,DL-SMI/MVDR global,scientific_controlled,1.0,1.0,0.004390456683356091
baseline_v2_targetsnrdb10p0_s20261033,target_snr_db,10.0,20261033,DL-SMI/MVDR global,scientific_controlled,1.5,1.0,0.0024901380670611438
baseline_v2_targetsnrdb10p0_s20261033,target_snr_db,10.0,20261033,DL-SMI/MVDR global,scientific_controlled,2.0,1.0,0.0015627370656956456
baseline_v2_targetsnrdb10p0_s20261033,target_snr_db,10.0,20261033,DL-SMI/MVDR global,scientific_controlled,3.0,1.0,0.0006827492034592626
baseline_v2_targetsnrdb10p0_s20261033,target_snr_db,10.0,20261033,DL-SMI/MVDR global,scientific_controlled,5.0,1.0,0.00020292823547261418
baseline_v2_targetsnrdb10p0_s20261033,target_snr_db,10.0,20261033,DL-SMI/MVDR local,scientific_controlled,0.5,1.0,0.01073433469883174
baseline_v2_targetsnrdb10p0_s20261033,target_snr_db,10.0,20261033,DL-SMI/MVDR local,scientific_controlled,0.75,1.0,0.006230086481565772
baseline_v2_targetsnrdb10p0_s20261033,target_snr_db,10.0,20261033,DL-SMI/MVDR local,scientific_controlled,1.0,1.0,0.0045535578819602485
baseline_v2_targetsnrdb10p0_s20261033,target_snr_db,10.0,20261033,DL-SMI/MVDR local,scientific_controlled,1.5,1.0,0.002812547413139129
baseline_v2_targetsnrdb10p0_s20261033,target_snr_db,10.0,20261033,DL-SMI/MVDR local,scientific_controlled,2.0,1.0,0.0018035958124715521
baseline_v2_targetsnrdb10p0_s20261033,target_snr_db,10.0,20261033,DL-SMI/MVDR local,scientific_controlled,3.0,1.0,0.0009122287968441814
baseline_v2_targetsnrdb10p0_s20261033,target_snr_db,10.0,20261033,DL-SMI/MVDR local,scientific_controlled,5.0,1.0,0.0002768927325140343
baseline_v2_targetsnrdb10p0_s20261033,target_snr_db,10.0,20261033,Shrinkage-SMI/MVDR global,scientific_controlled,0.5,1.0,0.010810195721438326
baseline_v2_targetsnrdb10p0_s20261033,target_snr_db,10.0,20261033,Shrinkage-SMI/MVDR global,scientific_controlled,0.75,1.0,0.006211121225914125
baseline_v2_targetsnrdb10p0_s20261033,target_snr_db,10.0,20261033,Shrinkage-SMI/MVDR global,scientific_controlled,1.0,1.0,0.004388560157790927
baseline_v2_targetsnrdb10p0_s20261033,target_snr_db,10.0,20261033,Shrinkage-SMI/MVDR global,scientific_controlled,1.5,1.0,0.002524275527234107
baseline_v2_targetsnrdb10p0_s20261033,target_snr_db,10.0,20261033,Shrinkage-SMI/MVDR global,scientific_controlled,2.0,1.0,0.0015892884236079503
baseline_v2_targetsnrdb10p0_s20261033,target_snr_db,10.0,20261033,Shrinkage-SMI/MVDR global,scientific_controlled,3.0,1.0,0.000705507510241238
baseline_v2_targetsnrdb10p0_s20261033,target_snr_db,10.0,20261033,Shrinkage-SMI/MVDR global,scientific_controlled,5.0,1.0,0.00021241086329843727
baseline_v2_targetsnrdb10p0_s20261033,target_snr_db,10.0,20261033,Shrinkage-SMI/MVDR local,scientific_controlled,0.5,1.0,0.010795023516917008
baseline_v2_targetsnrdb10p0_s20261033,target_snr_db,10.0,20261033,Shrinkage-SMI/MVDR local,scientific_controlled,0.75,1.0,0.006224396904870278
baseline_v2_targetsnrdb10p0_s20261033,target_snr_db,10.0,20261033,Shrinkage-SMI/MVDR local,scientific_controlled,1.0,1.0,0.0045004551661356395
baseline_v2_targetsnrdb10p0_s20261033,target_snr_db,10.0,20261033,Shrinkage-SMI/MVDR local,scientific_controlled,1.5,1.0,0.0026949628280989227
baseline_v2_targetsnrdb10p0_s20261033,target_snr_db,10.0,20261033,Shrinkage-SMI/MVDR local,scientific_controlled,2.0,1.0,0.0017315278409952967
baseline_v2_targetsnrdb10p0_s20261033,target_snr_db,10.0,20261033,Shrinkage-SMI/MVDR local,scientific_controlled,3.0,1.0,0.0008155059930207859
baseline_v2_targetsnrdb10p0_s20261033,target_snr_db,10.0,20261033,Shrinkage-SMI/MVDR local,scientific_controlled,5.0,1.0,0.00025223790016689425
baseline_v2_targetsnrdb10p0_s20261033,target_snr_db,10.0,20261033,Corrected JDL physical,scientific_controlled,0.5,1.0,0.01093915945986952
baseline_v2_targetsnrdb10p0_s20261033,target_snr_db,10.0,20261033,Corrected JDL physical,scientific_controlled,0.75,1.0,0.006285085722955545
baseline_v2_targetsnrdb10p0_s20261033,target_snr_db,10.0,20261033,Corrected JDL physical,scientific_controlled,1.0,1.0,0.00432407828857533
baseline_v2_targetsnrdb10p0_s20261033,target_snr_db,10.0,20261033,Corrected JDL physical,scientific_controlled,1.5,1.0,0.002408587467759065
baseline_v2_targetsnrdb10p0_s20261033,target_snr_db,10.0,20261033,Corrected JDL physical,scientific_controlled,2.0,1.0,0.00141670459717797
baseline_v2_targetsnrdb10p0_s20261033,target_snr_db,10.0,20261033,Corrected JDL physical,scientific_controlled,3.0,1.0,0.0006030951297223486
baseline_v2_targetsnrdb10p0_s20261033,target_snr_db,10.0,20261033,Corrected JDL physical,scientific_controlled,5.0,1.0,0.00017068730086481566
baseline_v2_targetsnrdb10p0_s20261033,target_snr_db,10.0,20261033,MNEC physical,scientific_controlled,0.5,1.0,0.010781747837960856
baseline_v2_targetsnrdb10p0_s20261033,target_snr_db,10.0,20261033,MNEC physical,scientific_controlled,0.75,1.0,0.006173190714610833
baseline_v2_targetsnrdb10p0_s20261033,target_snr_db,10.0,20261033,MNEC physical,scientific_controlled,1.0,1.0,0.004449248975876195
baseline_v2_targetsnrdb10p0_s20261033,target_snr_db,10.0,20261033,MNEC physical,scientific_controlled,1.5,1.0,0.0026058261265361855
baseline_v2_targetsnrdb10p0_s20261033,target_snr_db,10.0,20261033,MNEC physical,scientific_controlled,2.0,1.0,0.0016537702928235472
baseline_v2_targetsnrdb10p0_s20261033,target_snr_db,10.0,20261033,MNEC physical,scientific_controlled,3.0,1.0,0.000760506751631012
baseline_v2_targetsnrdb10p0_s20261033,target_snr_db,10.0,20261033,MNEC physical,scientific_controlled,5.0,1.0,0.00023137611895008344
baseline_v2_targetsnrdb10p0_s20261033,target_snr_db,10.0,20261033,SA-MNEC physical [approximate academic reference],scientific_controlled,0.5,1.0,0.010745713852222729
baseline_v2_targetsnrdb10p0_s20261033,target_snr_db,10.0,20261033,SA-MNEC physical [approximate academic reference],scientific_controlled,0.75,1.0,0.00616370808678501
baseline_v2_targetsnrdb10p0_s20261033,target_snr_db,10.0,20261033,SA-MNEC physical [approximate academic reference],scientific_controlled,1.0,1.0,0.004451145501441359
baseline_v2_targetsnrdb10p0_s20261033,target_snr_db,10.0,20261033,SA-MNEC physical [approximate academic reference],scientific_controlled,1.5,1.0,0.0026058261265361855
baseline_v2_targetsnrdb10p0_s20261033,target_snr_db,10.0,20261033,SA-MNEC physical [approximate academic reference],scientific_controlled,2.0,1.0,0.0016613563950842057
baseline_v2_targetsnrdb10p0_s20261033,target_snr_db,10.0,20261033,SA-MNEC physical [approximate academic reference],scientific_controlled,3.0,1.0,0.0007567137005006827
baseline_v2_targetsnrdb10p0_s20261033,target_snr_db,10.0,20261033,SA-MNEC physical [approximate academic reference],scientific_controlled,5.0,1.0,0.00023137611895008344
baseline_v2_targetsnrdb10p0_s20261034,target_snr_db,10.0,20261034,Current legacy CSI [production replay],production_replay,0.5,1.0,0.01650356546806251
baseline_v2_targetsnrdb10p0_s20261034,target_snr_db,10.0,20261034,Current legacy CSI [production replay],production_replay,0.75,1.0,0.006023365194962828
baseline_v2_targetsnrdb10p0_s20261034,target_snr_db,10.0,20261034,Current legacy CSI [production replay],production_replay,1.0,1.0,0.0025906539220148686
baseline_v2_targetsnrdb10p0_s20261034,target_snr_db,10.0,20261034,Current legacy CSI [production replay],production_replay,1.5,1.0,0.000561371567288727
baseline_v2_targetsnrdb10p0_s20261034,target_snr_db,10.0,20261034,Current legacy CSI [production replay],production_replay,2.0,1.0,9.103322712790169e-05
baseline_v2_targetsnrdb10p0_s20261034,target_snr_db,10.0,20261034,Current legacy CSI [production replay],production_replay,3.0,1.0,3.7930511303292367e-06
baseline_v2_targetsnrdb10p0_s20261034,target_snr_db,10.0,20261034,Current legacy CSI [production replay],production_replay,5.0,1.0,0.0
baseline_v2_targetsnrdb10p0_s20261034,target_snr_db,10.0,20261034,Phase-only CSI [production replay],production_replay,0.5,1.0,0.010825367925959641
baseline_v2_targetsnrdb10p0_s20261034,target_snr_db,10.0,20261034,Phase-only CSI [production replay],production_replay,0.75,1.0,0.0023820361098467607
baseline_v2_targetsnrdb10p0_s20261034,target_snr_db,10.0,20261034,Phase-only CSI [production replay],production_replay,1.0,1.0,0.0005101653770292824
baseline_v2_targetsnrdb10p0_s20261034,target_snr_db,10.0,20261034,Phase-only CSI [production replay],production_replay,1.5,1.0,4.362008799878622e-05
baseline_v2_targetsnrdb10p0_s20261034,target_snr_db,10.0,20261034,Phase-only CSI [production replay],production_replay,2.0,1.0,0.0
baseline_v2_targetsnrdb10p0_s20261034,target_snr_db,10.0,20261034,Phase-only CSI [production replay],production_replay,3.0,1.0,0.0
baseline_v2_targetsnrdb10p0_s20261034,target_snr_db,10.0,20261034,Phase-only CSI [production replay],production_replay,5.0,1.0,0.0
baseline_v2_targetsnrdb10p0_s20261034,target_snr_db,10.0,20261034,Current legacy CSI [scientific controlled],scientific_controlled,0.5,1.0,0.016537702928235472
baseline_v2_targetsnrdb10p0_s20261034,target_snr_db,10.0,20261034,Current legacy CSI [scientific controlled],scientific_controlled,0.75,1.0,0.0060214686693976635
baseline_v2_targetsnrdb10p0_s20261034,target_snr_db,10.0,20261034,Current legacy CSI [scientific controlled],scientific_controlled,1.0,1.0,0.0025906539220148686
baseline_v2_targetsnrdb10p0_s20261034,target_snr_db,10.0,20261034,Current legacy CSI [scientific controlled],scientific_controlled,1.5,1.0,0.0005556819905932332
baseline_v2_targetsnrdb10p0_s20261034,target_snr_db,10.0,20261034,Current legacy CSI [scientific controlled],scientific_controlled,2.0,1.0,9.103322712790169e-05
baseline_v2_targetsnrdb10p0_s20261034,target_snr_db,10.0,20261034,Current legacy CSI [scientific controlled],scientific_controlled,3.0,1.0,3.7930511303292367e-06
baseline_v2_targetsnrdb10p0_s20261034,target_snr_db,10.0,20261034,Current legacy CSI [scientific controlled],scientific_controlled,5.0,1.0,0.0
baseline_v2_targetsnrdb10p0_s20261034,target_snr_db,10.0,20261034,Phase-only CSI [scientific controlled],scientific_controlled,0.5,1.0,0.0108329540282203
baseline_v2_targetsnrdb10p0_s20261034,target_snr_db,10.0,20261034,Phase-only CSI [scientific controlled],scientific_controlled,0.75,1.0,0.002370656956455773
baseline_v2_targetsnrdb10p0_s20261034,target_snr_db,10.0,20261034,Phase-only CSI [scientific controlled],scientific_controlled,1.0,1.0,0.0005253375815505993
baseline_v2_targetsnrdb10p0_s20261034,target_snr_db,10.0,20261034,Phase-only CSI [scientific controlled],scientific_controlled,1.5,1.0,4.551661356395084e-05
baseline_v2_targetsnrdb10p0_s20261034,target_snr_db,10.0,20261034,Phase-only CSI [scientific controlled],scientific_controlled,2.0,1.0,0.0
baseline_v2_targetsnrdb10p0_s20261034,target_snr_db,10.0,20261034,Phase-only CSI [scientific controlled],scientific_controlled,3.0,1.0,0.0
baseline_v2_targetsnrdb10p0_s20261034,target_snr_db,10.0,20261034,Phase-only CSI [scientific controlled],scientific_controlled,5.0,1.0,0.0
baseline_v2_targetsnrdb10p0_s20261034,target_snr_db,10.0,20261034,Row complex LS / Wiener [scientific controlled],scientific_controlled,0.5,1.0,0.01078743741465635
baseline_v2_targetsnrdb10p0_s20261034,target_snr_db,10.0,20261034,Row complex LS / Wiener [scientific controlled],scientific_controlled,0.75,1.0,0.002514792899408284
baseline_v2_targetsnrdb10p0_s20261034,target_snr_db,10.0,20261034,Row complex LS / Wiener [scientific controlled],scientific_controlled,1.0,1.0,0.0005936125018965255
baseline_v2_targetsnrdb10p0_s20261034,target_snr_db,10.0,20261034,Row complex LS / Wiener [scientific controlled],scientific_controlled,1.5,1.0,6.068881808526779e-05
baseline_v2_targetsnrdb10p0_s20261034,target_snr_db,10.0,20261034,Row complex LS / Wiener [scientific controlled],scientific_controlled,2.0,1.0,3.7930511303292367e-06
baseline_v2_targetsnrdb10p0_s20261034,target_snr_db,10.0,20261034,Row complex LS / Wiener [scientific controlled],scientific_controlled,3.0,1.0,0.0
baseline_v2_targetsnrdb10p0_s20261034,target_snr_db,10.0,20261034,Row complex LS / Wiener [scientific controlled],scientific_controlled,5.0,1.0,0.0
baseline_v2_targetsnrdb10p0_s20261034,target_snr_db,10.0,20261034,Row complex LS / Wiener robust IRLS [scientific controlled],scientific_controlled,0.5,1.0,0.010872781065088757
baseline_v2_targetsnrdb10p0_s20261034,target_snr_db,10.0,20261034,Row complex LS / Wiener robust IRLS [scientific controlled],scientific_controlled,0.75,1.0,0.0025185859505386134
baseline_v2_targetsnrdb10p0_s20261034,target_snr_db,10.0,20261034,Row complex LS / Wiener robust IRLS [scientific controlled],scientific_controlled,1.0,1.0,0.0006068881808526779
baseline_v2_targetsnrdb10p0_s20261034,target_snr_db,10.0,20261034,Row complex LS / Wiener robust IRLS [scientific controlled],scientific_controlled,1.5,1.0,6.258534365043241e-05
baseline_v2_targetsnrdb10p0_s20261034,target_snr_db,10.0,20261034,Row complex LS / Wiener robust IRLS [scientific controlled],scientific_controlled,2.0,1.0,3.7930511303292367e-06
baseline_v2_targetsnrdb10p0_s20261034,target_snr_db,10.0,20261034,Row complex LS / Wiener robust IRLS [scientific controlled],scientific_controlled,3.0,1.0,0.0
baseline_v2_targetsnrdb10p0_s20261034,target_snr_db,10.0,20261034,Row complex LS / Wiener robust IRLS [scientific controlled],scientific_controlled,5.0,1.0,0.0
baseline_v2_targetsnrdb10p0_s20261034,target_snr_db,10.0,20261034,DL-SMI/MVDR global,scientific_controlled,0.5,1.0,0.0117603550295858
baseline_v2_targetsnrdb10p0_s20261034,target_snr_db,10.0,20261034,DL-SMI/MVDR global,scientific_controlled,0.75,1.0,0.006425428614777727
baseline_v2_targetsnrdb10p0_s20261034,target_snr_db,10.0,20261034,DL-SMI/MVDR global,scientific_controlled,1.0,1.0,0.004362008799878622
baseline_v2_targetsnrdb10p0_s20261034,target_snr_db,10.0,20261034,DL-SMI/MVDR global,scientific_controlled,1.5,1.0,0.002548930359581247
baseline_v2_targetsnrdb10p0_s20261034,target_snr_db,10.0,20261034,DL-SMI/MVDR global,scientific_controlled,2.0,1.0,0.0015798057957821271
baseline_v2_targetsnrdb10p0_s20261034,target_snr_db,10.0,20261034,DL-SMI/MVDR global,scientific_controlled,3.0,1.0,0.0007111970869367319
baseline_v2_targetsnrdb10p0_s20261034,target_snr_db,10.0,20261034,DL-SMI/MVDR global,scientific_controlled,5.0,1.0,0.0001953421332119557
baseline_v2_targetsnrdb10p0_s20261034,target_snr_db,10.0,20261034,DL-SMI/MVDR local,scientific_controlled,0.5,1.0,0.011663632225762404
baseline_v2_targetsnrdb10p0_s20261034,target_snr_db,10.0,20261034,DL-SMI/MVDR local,scientific_controlled,0.75,1.0,0.006579047185556061
baseline_v2_targetsnrdb10p0_s20261034,target_snr_db,10.0,20261034,DL-SMI/MVDR local,scientific_controlled,1.0,1.0,0.004587695342133212
baseline_v2_targetsnrdb10p0_s20261034,target_snr_db,10.0,20261034,DL-SMI/MVDR local,scientific_controlled,1.5,1.0,0.002818236989834623
baseline_v2_targetsnrdb10p0_s20261034,target_snr_db,10.0,20261034,DL-SMI/MVDR local,scientific_controlled,2.0,1.0,0.0018623881049916553
baseline_v2_targetsnrdb10p0_s20261034,target_snr_db,10.0,20261034,DL-SMI/MVDR local,scientific_controlled,3.0,1.0,0.0009065392201486876
baseline_v2_targetsnrdb10p0_s20261034,target_snr_db,10.0,20261034,DL-SMI/MVDR local,scientific_controlled,5.0,1.0,0.00030344409042633893
baseline_v2_targetsnrdb10p0_s20261034,target_snr_db,10.0,20261034,Shrinkage-SMI/MVDR global,scientific_controlled,0.5,1.0,0.011699666211500532
baseline_v2_targetsnrdb10p0_s20261034,target_snr_db,10.0,20261034,Shrinkage-SMI/MVDR global,scientific_controlled,0.75,1.0,0.006427325140342892
baseline_v2_targetsnrdb10p0_s20261034,target_snr_db,10.0,20261034,Shrinkage-SMI/MVDR global,scientific_controlled,1.0,1.0,0.004388560157790927
baseline_v2_targetsnrdb10p0_s20261034,target_snr_db,10.0,20261034,Shrinkage-SMI/MVDR global,scientific_controlled,1.5,1.0,0.002600136549840692
baseline_v2_targetsnrdb10p0_s20261034,target_snr_db,10.0,20261034,Shrinkage-SMI/MVDR global,scientific_controlled,2.0,1.0,0.0016329085116067365
baseline_v2_targetsnrdb10p0_s20261034,target_snr_db,10.0,20261034,Shrinkage-SMI/MVDR global,scientific_controlled,3.0,1.0,0.0007377484448490366
baseline_v2_targetsnrdb10p0_s20261034,target_snr_db,10.0,20261034,Shrinkage-SMI/MVDR global,scientific_controlled,5.0,1.0,0.0002143073888636019
baseline_v2_targetsnrdb10p0_s20261034,target_snr_db,10.0,20261034,Shrinkage-SMI/MVDR local,scientific_controlled,0.5,1.0,0.011684494006979214
baseline_v2_targetsnrdb10p0_s20261034,target_snr_db,10.0,20261034,Shrinkage-SMI/MVDR local,scientific_controlled,0.75,1.0,0.006546806250948263
baseline_v2_targetsnrdb10p0_s20261034,target_snr_db,10.0,20261034,Shrinkage-SMI/MVDR local,scientific_controlled,1.0,1.0,0.004527006524047944
baseline_v2_targetsnrdb10p0_s20261034,target_snr_db,10.0,20261034,Shrinkage-SMI/MVDR local,scientific_controlled,1.5,1.0,0.002757548171749355
baseline_v2_targetsnrdb10p0_s20261034,target_snr_db,10.0,20261034,Shrinkage-SMI/MVDR local,scientific_controlled,2.0,1.0,0.0017713548778637536
baseline_v2_targetsnrdb10p0_s20261034,target_snr_db,10.0,20261034,Shrinkage-SMI/MVDR local,scientific_controlled,3.0,1.0,0.0008610226065847368
baseline_v2_targetsnrdb10p0_s20261034,target_snr_db,10.0,20261034,Shrinkage-SMI/MVDR local,scientific_controlled,5.0,1.0,0.00027120315581854044
baseline_v2_targetsnrdb10p0_s20261034,target_snr_db,10.0,20261034,Corrected JDL physical,scientific_controlled,0.5,1.0,0.01173570019723866
baseline_v2_targetsnrdb10p0_s20261034,target_snr_db,10.0,20261034,Corrected JDL physical,scientific_controlled,0.75,1.0,0.00641025641025641
baseline_v2_targetsnrdb10p0_s20261034,target_snr_db,10.0,20261034,Corrected JDL physical,scientific_controlled,1.0,1.0,0.004301319981793355
baseline_v2_targetsnrdb10p0_s20261034,target_snr_db,10.0,20261034,Corrected JDL physical,scientific_controlled,1.5,1.0,0.002421863146715218
baseline_v2_targetsnrdb10p0_s20261034,target_snr_db,10.0,20261034,Corrected JDL physical,scientific_controlled,2.0,1.0,0.0014887725686542255
baseline_v2_targetsnrdb10p0_s20261034,target_snr_db,10.0,20261034,Corrected JDL physical,scientific_controlled,3.0,1.0,0.0006618874222424518
baseline_v2_targetsnrdb10p0_s20261034,target_snr_db,10.0,20261034,Corrected JDL physical,scientific_controlled,5.0,1.0,0.00015361857077833408
baseline_v2_targetsnrdb10p0_s20261034,target_snr_db,10.0,20261034,MNEC physical,scientific_controlled,0.5,1.0,0.011627598240024276
baseline_v2_targetsnrdb10p0_s20261034,target_snr_db,10.0,20261034,MNEC physical,scientific_controlled,0.75,1.0,0.006474738279472007
baseline_v2_targetsnrdb10p0_s20261034,target_snr_db,10.0,20261034,MNEC physical,scientific_controlled,1.0,1.0,0.004458731603702018
baseline_v2_targetsnrdb10p0_s20261034,target_snr_db,10.0,20261034,MNEC physical,scientific_controlled,1.5,1.0,0.002674101046882112
baseline_v2_targetsnrdb10p0_s20261034,target_snr_db,10.0,20261034,MNEC physical,scientific_controlled,2.0,1.0,0.001704976483082992
baseline_v2_targetsnrdb10p0_s20261034,target_snr_db,10.0,20261034,MNEC physical,scientific_controlled,3.0,1.0,0.0007908511606736459
baseline_v2_targetsnrdb10p0_s20261034,target_snr_db,10.0,20261034,MNEC physical,scientific_controlled,5.0,1.0,0.000248444849036565
baseline_v2_targetsnrdb10p0_s20261034,target_snr_db,10.0,20261034,SA-MNEC physical [approximate academic reference],scientific_controlled,0.5,1.0,0.011595357305416477
baseline_v2_targetsnrdb10p0_s20261034,target_snr_db,10.0,20261034,SA-MNEC physical [approximate academic reference],scientific_controlled,0.75,1.0,0.006455773023820361
baseline_v2_targetsnrdb10p0_s20261034,target_snr_db,10.0,20261034,SA-MNEC physical [approximate academic reference],scientific_controlled,1.0,1.0,0.004462524654832347
baseline_v2_targetsnrdb10p0_s20261034,target_snr_db,10.0,20261034,SA-MNEC physical [approximate academic reference],scientific_controlled,1.5,1.0,0.002677894098012441
baseline_v2_targetsnrdb10p0_s20261034,target_snr_db,10.0,20261034,SA-MNEC physical [approximate academic reference],scientific_controlled,2.0,1.0,0.001704976483082992
baseline_v2_targetsnrdb10p0_s20261034,target_snr_db,10.0,20261034,SA-MNEC physical [approximate academic reference],scientific_controlled,3.0,1.0,0.0007965407373691397
baseline_v2_targetsnrdb10p0_s20261034,target_snr_db,10.0,20261034,SA-MNEC physical [approximate academic reference],scientific_controlled,5.0,1.0,0.00025223790016689425
baseline_v2_targetsnrdb10p0_s20261035,target_snr_db,10.0,20261035,Current legacy CSI [production replay],production_replay,0.5,1.0,0.014144287664997724
baseline_v2_targetsnrdb10p0_s20261035,target_snr_db,10.0,20261035,Current legacy CSI [production replay],production_replay,0.75,1.0,0.004762175694128357
baseline_v2_targetsnrdb10p0_s20261035,target_snr_db,10.0,20261035,Current legacy CSI [production replay],production_replay,1.0,1.0,0.0018016992869063875
baseline_v2_targetsnrdb10p0_s20261035,target_snr_db,10.0,20261035,Current legacy CSI [production replay],production_replay,1.5,1.0,0.00027120315581854044
baseline_v2_targetsnrdb10p0_s20261035,target_snr_db,10.0,20261035,Current legacy CSI [production replay],production_replay,2.0,1.0,1.8965255651646183e-05
baseline_v2_targetsnrdb10p0_s20261035,target_snr_db,10.0,20261035,Current legacy CSI [production replay],production_replay,3.0,1.0,0.0
baseline_v2_targetsnrdb10p0_s20261035,target_snr_db,10.0,20261035,Current legacy CSI [production replay],production_replay,5.0,1.0,0.0
baseline_v2_targetsnrdb10p0_s20261035,target_snr_db,10.0,20261035,Phase-only CSI [production replay],production_replay,0.5,1.0,0.008498331057502655
baseline_v2_targetsnrdb10p0_s20261035,target_snr_db,10.0,20261035,Phase-only CSI [production replay],production_replay,0.75,1.0,0.001361705355788196
baseline_v2_targetsnrdb10p0_s20261035,target_snr_db,10.0,20261035,Phase-only CSI [production replay],production_replay,1.0,1.0,0.00013086026399635866
baseline_v2_targetsnrdb10p0_s20261035,target_snr_db,10.0,20261035,Phase-only CSI [production replay],production_replay,1.5,1.0,3.7930511303292367e-06
baseline_v2_targetsnrdb10p0_s20261035,target_snr_db,10.0,20261035,Phase-only CSI [production replay],production_replay,2.0,1.0,0.0
baseline_v2_targetsnrdb10p0_s20261035,target_snr_db,10.0,20261035,Phase-only CSI [production replay],production_replay,3.0,1.0,0.0
baseline_v2_targetsnrdb10p0_s20261035,target_snr_db,10.0,20261035,Phase-only CSI [production replay],production_replay,5.0,1.0,0.0
baseline_v2_targetsnrdb10p0_s20261035,target_snr_db,10.0,20261035,Current legacy CSI [scientific controlled],scientific_controlled,0.5,1.0,0.01412152935821575
baseline_v2_targetsnrdb10p0_s20261035,target_snr_db,10.0,20261035,Current legacy CSI [scientific controlled],scientific_controlled,0.75,1.0,0.00474700348960704
baseline_v2_targetsnrdb10p0_s20261035,target_snr_db,10.0,20261035,Current legacy CSI [scientific controlled],scientific_controlled,1.0,1.0,0.0018073888636018812
baseline_v2_targetsnrdb10p0_s20261035,target_snr_db,10.0,20261035,Current legacy CSI [scientific controlled],scientific_controlled,1.5,1.0,0.00026930663025337583
baseline_v2_targetsnrdb10p0_s20261035,target_snr_db,10.0,20261035,Current legacy CSI [scientific controlled],scientific_controlled,2.0,1.0,1.8965255651646183e-05
baseline_v2_targetsnrdb10p0_s20261035,target_snr_db,10.0,20261035,Current legacy CSI [scientific controlled],scientific_controlled,3.0,1.0,0.0
baseline_v2_targetsnrdb10p0_s20261035,target_snr_db,10.0,20261035,Current legacy CSI [scientific controlled],scientific_controlled,5.0,1.0,0.0
baseline_v2_targetsnrdb10p0_s20261035,target_snr_db,10.0,20261035,Phase-only CSI [scientific controlled],scientific_controlled,0.5,1.0,0.008504020634198148
baseline_v2_targetsnrdb10p0_s20261035,target_snr_db,10.0,20261035,Phase-only CSI [scientific controlled],scientific_controlled,0.75,1.0,0.0013560157790927022
baseline_v2_targetsnrdb10p0_s20261035,target_snr_db,10.0,20261035,Phase-only CSI [scientific controlled],scientific_controlled,1.0,1.0,0.00012896373843119405
baseline_v2_targetsnrdb10p0_s20261035,target_snr_db,10.0,20261035,Phase-only CSI [scientific controlled],scientific_controlled,1.5,1.0,3.7930511303292367e-06
baseline_v2_targetsnrdb10p0_s20261035,target_snr_db,10.0,20261035,Phase-only CSI [scientific controlled],scientific_controlled,2.0,1.0,0.0
baseline_v2_targetsnrdb10p0_s20261035,target_snr_db,10.0,20261035,Phase-only CSI [scientific controlled],scientific_controlled,3.0,1.0,0.0
baseline_v2_targetsnrdb10p0_s20261035,target_snr_db,10.0,20261035,Phase-only CSI [scientific controlled],scientific_controlled,5.0,1.0,0.0
baseline_v2_targetsnrdb10p0_s20261035,target_snr_db,10.0,20261035,Row complex LS / Wiener [scientific controlled],scientific_controlled,0.5,1.0,0.008433849188287058
baseline_v2_targetsnrdb10p0_s20261035,target_snr_db,10.0,20261035,Row complex LS / Wiener [scientific controlled],scientific_controlled,0.75,1.0,0.0015323926566530117
baseline_v2_targetsnrdb10p0_s20261035,target_snr_db,10.0,20261035,Row complex LS / Wiener [scientific controlled],scientific_controlled,1.0,1.0,0.00021999696555909573
baseline_v2_targetsnrdb10p0_s20261035,target_snr_db,10.0,20261035,Row complex LS / Wiener [scientific controlled],scientific_controlled,1.5,1.0,3.7930511303292367e-06
baseline_v2_targetsnrdb10p0_s20261035,target_snr_db,10.0,20261035,Row complex LS / Wiener [scientific controlled],scientific_controlled,2.0,1.0,0.0
baseline_v2_targetsnrdb10p0_s20261035,target_snr_db,10.0,20261035,Row complex LS / Wiener [scientific controlled],scientific_controlled,3.0,1.0,0.0
baseline_v2_targetsnrdb10p0_s20261035,target_snr_db,10.0,20261035,Row complex LS / Wiener [scientific controlled],scientific_controlled,5.0,1.0,0.0
baseline_v2_targetsnrdb10p0_s20261035,target_snr_db,10.0,20261035,Row complex LS / Wiener robust IRLS [scientific controlled],scientific_controlled,0.5,1.0,0.008494538006372326
baseline_v2_targetsnrdb10p0_s20261035,target_snr_db,10.0,20261035,Row complex LS / Wiener robust IRLS [scientific controlled],scientific_controlled,0.75,1.0,0.0015361857077833409
baseline_v2_targetsnrdb10p0_s20261035,target_snr_db,10.0,20261035,Row complex LS / Wiener robust IRLS [scientific controlled],scientific_controlled,1.0,1.0,0.00021051433773327263
baseline_v2_targetsnrdb10p0_s20261035,target_snr_db,10.0,20261035,Row complex LS / Wiener robust IRLS [scientific controlled],scientific_controlled,1.5,1.0,3.7930511303292367e-06
baseline_v2_targetsnrdb10p0_s20261035,target_snr_db,10.0,20261035,Row complex LS / Wiener robust IRLS [scientific controlled],scientific_controlled,2.0,1.0,0.0
baseline_v2_targetsnrdb10p0_s20261035,target_snr_db,10.0,20261035,Row complex LS / Wiener robust IRLS [scientific controlled],scientific_controlled,3.0,1.0,0.0
baseline_v2_targetsnrdb10p0_s20261035,target_snr_db,10.0,20261035,Row complex LS / Wiener robust IRLS [scientific controlled],scientific_controlled,5.0,1.0,0.0
baseline_v2_targetsnrdb10p0_s20261035,target_snr_db,10.0,20261035,DL-SMI/MVDR global,scientific_controlled,0.5,1.0,0.01093915945986952
baseline_v2_targetsnrdb10p0_s20261035,target_snr_db,10.0,20261035,DL-SMI/MVDR global,scientific_controlled,0.75,1.0,0.006250948262782582
baseline_v2_targetsnrdb10p0_s20261035,target_snr_db,10.0,20261035,DL-SMI/MVDR global,scientific_controlled,1.0,1.0,0.004443559399180701
baseline_v2_targetsnrdb10p0_s20261035,target_snr_db,10.0,20261035,DL-SMI/MVDR global,scientific_controlled,1.5,1.0,0.0026456531634046427
baseline_v2_targetsnrdb10p0_s20261035,target_snr_db,10.0,20261035,DL-SMI/MVDR global,scientific_controlled,2.0,1.0,0.0016917008041268395
baseline_v2_targetsnrdb10p0_s20261035,target_snr_db,10.0,20261035,DL-SMI/MVDR global,scientific_controlled,3.0,1.0,0.0007225762403277196
baseline_v2_targetsnrdb10p0_s20261035,target_snr_db,10.0,20261035,DL-SMI/MVDR global,scientific_controlled,5.0,1.0,0.00018396297982096798
baseline_v2_targetsnrdb10p0_s20261035,target_snr_db,10.0,20261035,DL-SMI/MVDR local,scientific_controlled,0.5,1.0,0.01082916097708997
baseline_v2_targetsnrdb10p0_s20261035,target_snr_db,10.0,20261035,DL-SMI/MVDR local,scientific_controlled,0.75,1.0,0.006343878015475648
baseline_v2_targetsnrdb10p0_s20261035,target_snr_db,10.0,20261035,DL-SMI/MVDR local,scientific_controlled,1.0,1.0,0.004652177211348809
baseline_v2_targetsnrdb10p0_s20261035,target_snr_db,10.0,20261035,DL-SMI/MVDR local,scientific_controlled,1.5,1.0,0.002922545895918677
baseline_v2_targetsnrdb10p0_s20261035,target_snr_db,10.0,20261035,DL-SMI/MVDR local,scientific_controlled,2.0,1.0,0.0019477317554240632
baseline_v2_targetsnrdb10p0_s20261035,target_snr_db,10.0,20261035,DL-SMI/MVDR local,scientific_controlled,3.0,1.0,0.0009577454104081323
baseline_v2_targetsnrdb10p0_s20261035,target_snr_db,10.0,20261035,DL-SMI/MVDR local,scientific_controlled,5.0,1.0,0.0002655135791230466
baseline_v2_targetsnrdb10p0_s20261035,target_snr_db,10.0,20261035,Shrinkage-SMI/MVDR global,scientific_controlled,0.5,1.0,0.010952435138825671
baseline_v2_targetsnrdb10p0_s20261035,target_snr_db,10.0,20261035,Shrinkage-SMI/MVDR global,scientific_controlled,0.75,1.0,0.006243362160521924
baseline_v2_targetsnrdb10p0_s20261035,target_snr_db,10.0,20261035,Shrinkage-SMI/MVDR global,scientific_controlled,1.0,1.0,0.004464421180397512
baseline_v2_targetsnrdb10p0_s20261035,target_snr_db,10.0,20261035,Shrinkage-SMI/MVDR global,scientific_controlled,1.5,1.0,0.0026911697769685934
baseline_v2_targetsnrdb10p0_s20261035,target_snr_db,10.0,20261035,Shrinkage-SMI/MVDR global,scientific_controlled,2.0,1.0,0.0017258382642998027
baseline_v2_targetsnrdb10p0_s20261035,target_snr_db,10.0,20261035,Shrinkage-SMI/MVDR global,scientific_controlled,3.0,1.0,0.0007567137005006827
baseline_v2_targetsnrdb10p0_s20261035,target_snr_db,10.0,20261035,Shrinkage-SMI/MVDR global,scientific_controlled,5.0,1.0,0.00019154908208162647
baseline_v2_targetsnrdb10p0_s20261035,target_snr_db,10.0,20261035,Shrinkage-SMI/MVDR local,scientific_controlled,0.5,1.0,0.010861401911697769
baseline_v2_targetsnrdb10p0_s20261035,target_snr_db,10.0,20261035,Shrinkage-SMI/MVDR local,scientific_controlled,0.75,1.0,0.006302154453042027
baseline_v2_targetsnrdb10p0_s20261035,target_snr_db,10.0,20261035,Shrinkage-SMI/MVDR local,scientific_controlled,1.0,1.0,0.00457441966317706
baseline_v2_targetsnrdb10p0_s20261035,target_snr_db,10.0,20261035,Shrinkage-SMI/MVDR local,scientific_controlled,1.5,1.0,0.0028466848733120923
baseline_v2_targetsnrdb10p0_s20261035,target_snr_db,10.0,20261035,Shrinkage-SMI/MVDR local,scientific_controlled,2.0,1.0,0.0018756637839478076
baseline_v2_targetsnrdb10p0_s20261035,target_snr_db,10.0,20261035,Shrinkage-SMI/MVDR local,scientific_controlled,3.0,1.0,0.0008818843878015476
baseline_v2_targetsnrdb10p0_s20261035,target_snr_db,10.0,20261035,Shrinkage-SMI/MVDR local,scientific_controlled,5.0,1.0,0.0002351691700804127
baseline_v2_targetsnrdb10p0_s20261035,target_snr_db,10.0,20261035,Corrected JDL physical,scientific_controlled,0.5,1.0,0.010925883780913366
baseline_v2_targetsnrdb10p0_s20261035,target_snr_db,10.0,20261035,Corrected JDL physical,scientific_controlled,0.75,1.0,0.006230086481565772
baseline_v2_targetsnrdb10p0_s20261035,target_snr_db,10.0,20261035,Corrected JDL physical,scientific_controlled,1.0,1.0,0.00442269761796389
baseline_v2_targetsnrdb10p0_s20261035,target_snr_db,10.0,20261035,Corrected JDL physical,scientific_controlled,1.5,1.0,0.0025166894249734487
baseline_v2_targetsnrdb10p0_s20261035,target_snr_db,10.0,20261035,Corrected JDL physical,scientific_controlled,2.0,1.0,0.0015248065543923533
baseline_v2_targetsnrdb10p0_s20261035,target_snr_db,10.0,20261035,Corrected JDL physical,scientific_controlled,3.0,1.0,0.0006429221665908057
baseline_v2_targetsnrdb10p0_s20261035,target_snr_db,10.0,20261035,Corrected JDL physical,scientific_controlled,5.0,1.0,0.0001649977241693218
baseline_v2_targetsnrdb10p0_s20261035,target_snr_db,10.0,20261035,MNEC physical,scientific_controlled,0.5,1.0,0.010863298437262935
baseline_v2_targetsnrdb10p0_s20261035,target_snr_db,10.0,20261035,MNEC physical,scientific_controlled,0.75,1.0,0.006250948262782582
baseline_v2_targetsnrdb10p0_s20261035,target_snr_db,10.0,20261035,MNEC physical,scientific_controlled,1.0,1.0,0.004528903049613109
baseline_v2_targetsnrdb10p0_s20261035,target_snr_db,10.0,20261035,MNEC physical,scientific_controlled,1.5,1.0,0.0027708238507055077
baseline_v2_targetsnrdb10p0_s20261035,target_snr_db,10.0,20261035,MNEC physical,scientific_controlled,2.0,1.0,0.0018035958124715521
baseline_v2_targetsnrdb10p0_s20261035,target_snr_db,10.0,20261035,MNEC physical,scientific_controlled,3.0,1.0,0.0008306781975421029
baseline_v2_targetsnrdb10p0_s20261035,target_snr_db,10.0,20261035,MNEC physical,scientific_controlled,5.0,1.0,0.0002048247610377788
baseline_v2_targetsnrdb10p0_s20261035,target_snr_db,10.0,20261035,SA-MNEC physical [approximate academic reference],scientific_controlled,0.5,1.0,0.01081209224700349
baseline_v2_targetsnrdb10p0_s20261035,target_snr_db,10.0,20261035,SA-MNEC physical [approximate academic reference],scientific_controlled,0.75,1.0,0.006243362160521924
baseline_v2_targetsnrdb10p0_s20261035,target_snr_db,10.0,20261035,SA-MNEC physical [approximate academic reference],scientific_controlled,1.0,1.0,0.004527006524047944
baseline_v2_targetsnrdb10p0_s20261035,target_snr_db,10.0,20261035,SA-MNEC physical [approximate academic reference],scientific_controlled,1.5,1.0,0.0027708238507055077
baseline_v2_targetsnrdb10p0_s20261035,target_snr_db,10.0,20261035,SA-MNEC physical [approximate academic reference],scientific_controlled,2.0,1.0,0.0017903201335153999
baseline_v2_targetsnrdb10p0_s20261035,target_snr_db,10.0,20261035,SA-MNEC physical [approximate academic reference],scientific_controlled,3.0,1.0,0.0008325747231072675
baseline_v2_targetsnrdb10p0_s20261035,target_snr_db,10.0,20261035,SA-MNEC physical [approximate academic reference],scientific_controlled,5.0,1.0,0.00020103170990744956
