split,role,scene_id,method,actual_mechanism,branch,gain_db,family,angle,range_band,snr,radial_velocity_band,clutter_ridge,clutter_ridge_distance_band,texture_band,rho_band
test,target_off,test_008,J5_Selective_Physics_Calibration,M1,D0P0,0.0,M1,-50,500,-0.632812,positive_slow,true,near,0.69,0.81
test,target_off,test_008,J6_Joint_Phase_Surface,M1,D0P0,0.0,M1,-50,500,-0.632812,positive_slow,true,near,0.69,0.81
test,target_off,test_009,J5_Selective_Physics_Calibration,M1,D0P0,0.0,M1,-40,500,0.585938,negative_fast,false,far,0.47,0.78
test,target_off,test_009,J6_Joint_Phase_Surface,M1,D0P0,0.0,M1,-40,500,0.585938,negative_fast,false,far,0.47,0.78
test,target_off,test_010,J5_Selective_Physics_Calibration,M1,D0P0,0.0,M1,-80,1000,7.89844,positive_slow,false,far,0.64,0.83
test,target_off,test_010,J6_Joint_Phase_Surface,M1,D0P0,0.0,M1,-80,1000,7.89844,positive_slow,false,far,0.64,0.83
test,target_off,test_011,J5_Selective_Physics_Calibration,M1,D0P0,0.0,M1,-70,1000,0.789062,negative_fast,false,far,0.28,0.83
test,target_off,test_011,J6_Joint_Phase_Surface,M1,D0P0,0.0,M1,-70,1000,0.789062,negative_fast,false,far,0.28,0.83
test,target_off,test_012,J5_Selective_Physics_Calibration,M1,D0P0,0.0,M1,-60,1000,-0.226562,negative_slow,true,near,0.52,0.9
test,target_off,test_012,J6_Joint_Phase_Surface,M1,D0P0,0.0,M1,-60,1000,-0.226562,negative_slow,true,near,0.52,0.9
test,target_off,test_013,J5_Selective_Physics_Calibration,M1,D1P0,0.06991712826156071,M1,-50,1000,6.47656,negative_fast,false,far,0.31,0.96
test,target_off,test_013,J6_Joint_Phase_Surface,M1,D1P0,0.06271021722588,M1,-50,1000,6.47656,negative_fast,false,far,0.31,0.96
test,target_off,test_014,J5_Selective_Physics_Calibration,M1,D1P0,0.6608965307986008,M1,-40,0,-1.24219,positive_slow,false,far,0.34,0.85
test,target_off,test_014,J6_Joint_Phase_Surface,M1,D1P0,0.05324086566440034,M1,-40,0,-1.24219,positive_slow,false,far,0.34,0.85
test,target_off,test_015,J5_Selective_Physics_Calibration,M1,D1P0,-0.008155298687140267,M1,-80,0,-2.05469,positive_slow,true,near,0.92,0.8
test,target_off,test_015,J6_Joint_Phase_Surface,M1,D1P0,0.01096559992489965,M1,-80,0,-2.05469,positive_slow,true,near,0.92,0.8
test,target_off,test_016,J5_Selective_Physics_Calibration,M2,D0P1,0.0007669167260093701,M2,-70,1000,1.80469,positive_fast,false,far,0.94,0.79
test,target_off,test_016,J6_Joint_Phase_Surface,M2,D0P0,0.0,M2,-70,1000,1.80469,positive_fast,false,far,0.94,0.79
test,target_off,test_017,J5_Selective_Physics_Calibration,M2,D0P1,0.017160911187239947,M2,-60,500,5.46094,negative_slow,false,far,0.59,0.76
test,target_off,test_017,J6_Joint_Phase_Surface,M2,D0P1,0.4722545375138596,M2,-60,500,5.46094,negative_slow,false,far,0.59,0.76
test,target_off,test_018,J5_Selective_Physics_Calibration,M2,D0P1,0.0021909084748195085,M2,-50,0,-3.67969,positive_fast,false,far,0.79,0.89
test,target_off,test_018,J6_Joint_Phase_Surface,M2,D0P0,0.0,M2,-50,0,-3.67969,positive_fast,false,far,0.79,0.89
test,target_off,test_019,J5_Selective_Physics_Calibration,M2,D0P1,-0.039577631391039425,M2,-40,1000,-4.08594,negative_fast,false,far,0.75,0.82
test,target_off,test_019,J6_Joint_Phase_Surface,M2,D0P0,0.0,M2,-40,1000,-4.08594,negative_fast,false,far,0.75,0.82
test,target_off,test_020,J5_Selective_Physics_Calibration,M2,D0P0,0.0,M2,-80,1000,-4.89844,negative_slow,true,far,0.71,0.86
test,target_off,test_020,J6_Joint_Phase_Surface,M2,D0P0,0.0,M2,-80,1000,-4.89844,negative_slow,true,far,0.71,0.86
test,target_off,test_021,J5_Selective_Physics_Calibration,M2,D0P1,0.00960212441717001,M2,-70,0,7.28906,positive_slow,true,far,0.72,0.88
test,target_off,test_021,J6_Joint_Phase_Surface,M2,D0P1,0.4655899759058899,M2,-70,0,7.28906,positive_slow,true,far,0.72,0.88
test,target_off,test_022,J5_Selective_Physics_Calibration,M2,D0P1,0.010781491954899636,M2,-60,500,2.21094,positive_fast,false,far,1,0.92
test,target_off,test_022,J6_Joint_Phase_Surface,M2,D0P1,0.2999946850000992,M2,-60,500,2.21094,positive_fast,false,far,1,0.92
test,target_off,test_023,J5_Selective_Physics_Calibration,M2,D0P1,0.013004874429940472,M2,-50,500,-2.66406,negative_fast,false,far,0.8,0.8
test,target_off,test_023,J6_Joint_Phase_Surface,M2,D0P1,0.3888358646885903,M2,-50,500,-2.66406,negative_fast,false,far,0.8,0.8
test,target_off,test_032,J5_Selective_Physics_Calibration,M1+M2,D0P0,0.0,M1+M2,-60,0,-4.49219,positive_slow,true,near,0.27,0.96
test,target_off,test_032,J6_Joint_Phase_Surface,M1+M2,D0P0,0.0,M1+M2,-60,0,-4.49219,positive_slow,true,near,0.27,0.96
test,target_off,test_033,J5_Selective_Physics_Calibration,M1+M2,D1P1,0.07637972312858032,M1+M2,-50,1000,3.42969,positive_fast,false,far,0.82,0.85
test,target_off,test_033,J6_Joint_Phase_Surface,M1+M2,D1P1,0.3647813715619401,M1+M2,-50,1000,3.42969,positive_fast,false,far,0.82,0.85
test,target_off,test_034,J5_Selective_Physics_Calibration,M1+M2,D1P1,0.5169698577096704,M1+M2,-40,1000,-0.835938,positive_fast,false,far,0.55,0.92
test,target_off,test_034,J6_Joint_Phase_Surface,M1+M2,D1P1,0.6134008604405001,M1+M2,-40,1000,-0.835938,positive_fast,false,far,0.55,0.92
test,target_off,test_035,J5_Selective_Physics_Calibration,M1+M2,D0P0,0.0,M1+M2,-80,1000,1.19531,negative_fast,false,far,0.51,0.94
test,target_off,test_035,J6_Joint_Phase_Surface,M1+M2,D0P0,0.0,M1+M2,-80,1000,1.19531,negative_fast,false,far,0.51,0.94
test,target_off,test_036,J5_Selective_Physics_Calibration,M1+M2,D1P1,0.04941132840822959,M1+M2,-70,0,-3.27344,negative_slow,true,near,0.45,0.98
test,target_off,test_036,J6_Joint_Phase_Surface,M1+M2,D1P1,0.2996812022236597,M1+M2,-70,0,-3.27344,negative_slow,true,near,0.45,0.98
test,target_off,test_037,J5_Selective_Physics_Calibration,M1+M2,D1P1,0.26743680572108985,M1+M2,-60,500,4.64844,positive_slow,true,far,1.04,0.89
test,target_off,test_037,J6_Joint_Phase_Surface,M1+M2,D1P0,0.2723874604343415,M1+M2,-60,500,4.64844,positive_slow,true,far,1.04,0.89
test,target_off,test_038,J5_Selective_Physics_Calibration,M1+M2,D1P1,-0.07185563339680989,M1+M2,-50,0,6.67969,negative_fast,false,far,0.93,0.81
test,target_off,test_038,J6_Joint_Phase_Surface,M1+M2,D1P1,0.13669064982951973,M1+M2,-50,0,6.67969,negative_fast,false,far,0.93,0.81
test,target_off,test_039,J5_Selective_Physics_Calibration,M1+M2,D1P1,0.2603726983225698,M1+M2,-40,1000,0.992188,negative_fast,false,far,0.49,0.87
test,target_off,test_039,J6_Joint_Phase_Surface,M1+M2,D1P0,-16.2851011028398,M1+M2,-40,1000,0.992188,negative_fast,false,far,0.49,0.87
test,target_off,test_040,J5_Selective_Physics_Calibration,M1+M3,D1P0,-0.022922714326520044,M1+M3,-80,0,5.25781,negative_slow,false,far,0.42,0.92
test,target_off,test_040,J6_Joint_Phase_Surface,M1+M3,D1P0,-0.006647976991539739,M1+M3,-80,0,5.25781,negative_slow,false,far,0.42,0.92
test,target_off,test_041,J5_Selective_Physics_Calibration,M1+M3,D0P0,0.0,M1+M3,-70,1000,3.02344,positive_fast,false,far,0.85,0.51
test,target_off,test_041,J6_Joint_Phase_Surface,M1+M3,D0P0,0.0,M1+M3,-70,1000,3.02344,positive_fast,false,far,0.85,0.51
test,target_off,test_042,J5_Selective_Physics_Calibration,M1+M3,D1P0,0.8359230691915993,M1+M3,-60,500,2.41406,negative_fast,false,far,0.19,0.94
test,target_off,test_042,J6_Joint_Phase_Surface,M1+M3,D1P0,0.8776084295522999,M1+M3,-60,500,2.41406,negative_fast,false,far,0.19,0.94
test,target_off,test_043,J5_Selective_Physics_Calibration,M1+M3,D0P0,0.0,M1+M3,-50,1000,-3.47656,negative_fast,false,far,0.16,0.64
test,target_off,test_043,J6_Joint_Phase_Surface,M1+M3,D0P0,0.0,M1+M3,-50,1000,-3.47656,negative_fast,false,far,0.16,0.64
test,target_off,test_044,J5_Selective_Physics_Calibration,M1+M3,D1P0,0.10024326961028063,M1+M3,-40,1000,6.88281,positive_fast,false,far,0.58,0.91
test,target_off,test_044,J6_Joint_Phase_Surface,M1+M3,D1P0,0.14678406613547068,M1+M3,-40,1000,6.88281,positive_fast,false,far,0.58,0.91
test,target_off,test_045,J5_Selective_Physics_Calibration,M1+M3,D0P0,0.0,M1+M3,-80,500,6.07031,negative_slow,true,near,0.3,0.59
test,target_off,test_045,J6_Joint_Phase_Surface,M1+M3,D0P0,0.0,M1+M3,-80,500,6.07031,negative_slow,true,near,0.3,0.59
test,target_off,test_046,J5_Selective_Physics_Calibration,M1+M3,D0P0,0.0,M1+M3,-70,1000,6.27344,positive_slow,false,far,0.54,0.53
test,target_off,test_046,J6_Joint_Phase_Surface,M1+M3,D0P0,0.0,M1+M3,-70,1000,6.27344,positive_slow,false,far,0.54,0.53
test,target_off,test_047,J5_Selective_Physics_Calibration,M1+M3,D0P0,0.0,M1+M3,-60,1500,-2.25781,positive_fast,false,far,0.35,0.84
test,target_off,test_047,J6_Joint_Phase_Surface,M1+M3,D0P0,0.0,M1+M3,-60,1500,-2.25781,positive_fast,false,far,0.35,0.84
test,target_off,test_048,J5_Selective_Physics_Calibration,M2+M3,D0P1,0.0055978243533703065,M2+M3,-50,1500,7.08594,negative_fast,false,far,0.4,0.81
test,target_off,test_048,J6_Joint_Phase_Surface,M2+M3,D0P1,0.1437193308237399,M2+M3,-50,1500,7.08594,negative_fast,false,far,0.4,0.81
test,target_off,test_049,J5_Selective_Physics_Calibration,M2+M3,D0P1,0.006019813256769702,M2+M3,-40,1000,3.63281,negative_fast,false,far,0.65,0.57
test,target_off,test_049,J6_Joint_Phase_Surface,M2+M3,D0P1,-0.46237655719334025,M2+M3,-40,1000,3.63281,negative_fast,false,far,0.65,0.57
test,target_off,test_050,J5_Selective_Physics_Calibration,M2+M3,D0P1,-0.001440376627670048,M2+M3,-80,500,4.44531,negative_fast,false,far,0.23,0.46
test,target_off,test_050,J6_Joint_Phase_Surface,M2+M3,D0P0,0.0,M2+M3,-80,500,4.44531,negative_fast,false,far,0.23,0.46
test,target_off,test_051,J5_Selective_Physics_Calibration,M2+M3,D0P1,0.01523329235892934,M2+M3,-70,0,2.00781,negative_slow,true,far,0.66,0.71
test,target_off,test_051,J6_Joint_Phase_Surface,M2+M3,D0P1,0.5506182489072096,M2+M3,-70,0,2.00781,negative_slow,true,far,0.66,0.71
test,target_off,test_052,J5_Selective_Physics_Calibration,M2+M3,D0P1,0.001395077105430076,M2+M3,-60,500,-2.86719,negative_slow,false,far,0.21,0.77
test,target_off,test_052,J6_Joint_Phase_Surface,M2+M3,D0P0,0.0,M2+M3,-60,500,-2.86719,negative_slow,false,far,0.21,0.77
test,target_off,test_053,J5_Selective_Physics_Calibration,M2+M3,D0P1,0.004367846667689967,M2+M3,-50,1000,-4.69531,positive_fast,false,far,0.61,0.88
test,target_off,test_053,J6_Joint_Phase_Surface,M2+M3,D0P0,0.0,M2+M3,-50,1000,-4.69531,positive_fast,false,far,0.61,0.88
test,target_off,test_054,J5_Selective_Physics_Calibration,M2+M3,D0P1,-0.00013222546129032509,M2+M3,-40,1500,-1.03906,positive_fast,false,far,1.01,0.59
test,target_off,test_054,J6_Joint_Phase_Surface,M2+M3,D0P0,0.0,M2+M3,-40,1500,-1.03906,positive_fast,false,far,1.01,0.59
test,target_off,test_055,J5_Selective_Physics_Calibration,M2+M3,D0P0,0.0,M2+M3,-80,0,0.382812,negative_fast,false,far,0.78,0.67
test,target_off,test_055,J6_Joint_Phase_Surface,M2+M3,D0P0,0.0,M2+M3,-80,0,0.382812,negative_fast,false,far,0.78,0.67
test,target_off,test_056,J5_Selective_Physics_Calibration,M1+M2+M3,D1P1,0.07993795045260921,M1+M2+M3,-70,500,3.83594,positive_fast,false,far,0.76,0.52
test,target_off,test_056,J6_Joint_Phase_Surface,M1+M2+M3,D1P1,0.3292131337486497,M1+M2+M3,-70,500,3.83594,positive_fast,false,far,0.76,0.52
test,target_off,test_057,J5_Selective_Physics_Calibration,M1+M2+M3,D0P0,0.0,M1+M2+M3,-60,0,7.49219,negative_fast,false,far,0.87,0.84
test,target_off,test_057,J6_Joint_Phase_Surface,M1+M2+M3,D0P0,0.0,M1+M2+M3,-60,0,7.49219,negative_fast,false,far,0.87,0.84
test,target_off,test_058,J5_Selective_Physics_Calibration,M1+M2+M3,D0P0,0.0,M1+M2+M3,-50,500,2.61719,negative_slow,false,far,0.73,0.83
test,target_off,test_058,J6_Joint_Phase_Surface,M1+M2+M3,D0P0,0.0,M1+M2+M3,-50,500,2.61719,negative_slow,false,far,0.73,0.83
test,target_off,test_059,J5_Selective_Physics_Calibration,M1+M2+M3,D1P1,-0.6324271506811998,M1+M2+M3,-40,0,-1.64844,negative_fast,false,far,0.48,0.79
test,target_off,test_059,J6_Joint_Phase_Surface,M1+M2+M3,D1P1,0.26178790982323985,M1+M2+M3,-40,0,-1.64844,negative_fast,false,far,0.48,0.79
test,target_off,test_060,J5_Selective_Physics_Calibration,M1+M2+M3,D1P1,0.10006208432215047,M1+M2+M3,-80,500,-4.28906,positive_fast,false,far,0.26,0.69
test,target_off,test_060,J6_Joint_Phase_Surface,M1+M2+M3,D1P1,0.14171559939485068,M1+M2+M3,-80,500,-4.28906,positive_fast,false,far,0.26,0.69
test,target_off,test_061,J5_Selective_Physics_Calibration,M1+M2+M3,D1P1,-0.024773254128519717,M1+M2+M3,-70,1500,7.69531,positive_fast,false,far,0.37,0.63
test,target_off,test_061,J6_Joint_Phase_Surface,M1+M2+M3,D1P0,0.0008085586364305897,M1+M2+M3,-70,1500,7.69531,positive_fast,false,far,0.37,0.63
test,target_off,test_062,J5_Selective_Physics_Calibration,M1+M2+M3,D1P1,0.5855322019214597,M1+M2+M3,-60,500,-1.85156,positive_slow,true,far,0.56,0.78
test,target_off,test_062,J6_Joint_Phase_Surface,M1+M2+M3,D1P1,0.8422390529392505,M1+M2+M3,-60,500,-1.85156,positive_slow,true,far,0.56,0.78
test,target_off,test_063,J5_Selective_Physics_Calibration,M1+M2+M3,D1P1,0.0455927818347206,M1+M2+M3,-50,500,-3.07031,negative_slow,false,far,1.03,0.5
test,target_off,test_063,J6_Joint_Phase_Surface,M1+M2+M3,D1P1,-0.1716310636593894,M1+M2+M3,-50,500,-3.07031,negative_slow,false,far,1.03,0.5
