split,scene_id,role,method,status,pfa,hit_cells,false_clusters,selected,valid_cfar_test_cells,configured_pf,cfar_mode,oracle_lambda
test_v3,test_v3_000,target_off,J0_Current,measured,0.003609621548323471,1874,46,46,519168,1e-06,dynamic,
test_v3,test_v3_000,target_on,J0_Current,measured,0.0036346616124260356,1887,47,47,519168,1e-06,dynamic,
test_v3,test_v3_000,target_off,J5_Selective_Physics_Calibration,measured,0.003609621548323471,1874,46,46,519168,1e-06,dynamic,
test_v3,test_v3_000,target_on,J5_Selective_Physics_Calibration,measured,0.0036346616124260356,1887,47,47,519168,1e-06,dynamic,
test_v3,test_v3_000,target_off,J6_Joint_Phase_Surface,measured,0.003609621548323471,1874,46,46,519168,1e-06,dynamic,
test_v3,test_v3_000,target_on,J6_Joint_Phase_Surface,measured,0.0036346616124260356,1887,47,47,519168,1e-06,dynamic,
test_v3,test_v3_000,target_off,J7_Deterministic_Safe_Expert_Selector,measured,0.003609621548323471,1874,46,46,519168,1e-06,dynamic,
test_v3,test_v3_000,target_on,J7_Deterministic_Safe_Expert_Selector,measured,0.0036346616124260356,1887,47,47,519168,1e-06,dynamic,
test_v3,test_v3_000,target_off,Oracle_Safe_Lambda_0_EvaluationOnly,measured,0.003609621548323471,1874,46,46,519168,1e-06,dynamic,0.0
test_v3,test_v3_000,target_on,Oracle_Safe_Lambda_0_EvaluationOnly,measured,0.0036346616124260356,1887,47,47,519168,1e-06,dynamic,0.0
test_v3,test_v3_001,target_off,J0_Current,measured,0.0062465329142011835,3243,86,86,519168,1e-06,dynamic,
test_v3,test_v3_001,target_on,J0_Current,measured,0.006256163708086785,3248,86,86,519168,1e-06,dynamic,
test_v3,test_v3_001,target_off,J5_Selective_Physics_Calibration,measured,0.0063235792652859965,3283,92,92,519168,1e-06,dynamic,
test_v3,test_v3_001,target_on,J5_Selective_Physics_Calibration,measured,0.006337062376725838,3290,93,93,519168,1e-06,dynamic,
test_v3,test_v3_001,target_off,J6_Joint_Phase_Surface,measured,0.0063736593934911245,3309,92,92,519168,1e-06,dynamic,
test_v3,test_v3_001,target_on,J6_Joint_Phase_Surface,measured,0.006390994822485207,3318,92,92,519168,1e-06,dynamic,
test_v3,test_v3_001,target_off,J7_Deterministic_Safe_Expert_Selector,measured,0.0062465329142011835,3243,86,86,519168,1e-06,dynamic,
test_v3,test_v3_001,target_on,J7_Deterministic_Safe_Expert_Selector,measured,0.006256163708086785,3248,86,86,519168,1e-06,dynamic,
test_v3,test_v3_001,target_off,Oracle_Safe_Lambda_0_EvaluationOnly,measured,0.0062465329142011835,3243,86,86,519168,1e-06,dynamic,0.0
test_v3,test_v3_001,target_on,Oracle_Safe_Lambda_0_EvaluationOnly,measured,0.006256163708086785,3248,86,86,519168,1e-06,dynamic,0.0
test_v3,test_v3_002,target_off,J0_Current,measured,0.007171089127218935,3723,110,110,519168,1e-06,dynamic,
test_v3,test_v3_002,target_on,J0_Current,measured,0.0069592116617357,3613,107,107,519168,1e-06,dynamic,
test_v3,test_v3_002,target_off,J5_Selective_Physics_Calibration,measured,0.007157606015779093,3716,109,109,519168,1e-06,dynamic,
test_v3,test_v3_002,target_on,J5_Selective_Physics_Calibration,measured,0.00695535934418146,3611,107,107,519168,1e-06,dynamic,
test_v3,test_v3_002,target_off,J6_Joint_Phase_Surface,measured,0.007171089127218935,3723,110,110,519168,1e-06,dynamic,
test_v3,test_v3_002,target_on,J6_Joint_Phase_Surface,measured,0.0069592116617357,3613,107,107,519168,1e-06,dynamic,
test_v3,test_v3_002,target_off,J7_Deterministic_Safe_Expert_Selector,measured,0.007171089127218935,3723,110,110,519168,1e-06,dynamic,
test_v3,test_v3_002,target_on,J7_Deterministic_Safe_Expert_Selector,measured,0.0069592116617357,3613,107,107,519168,1e-06,dynamic,
test_v3,test_v3_002,target_off,Oracle_Safe_Lambda_0_EvaluationOnly,measured,0.007171089127218935,3723,110,110,519168,1e-06,dynamic,0.0
test_v3,test_v3_002,target_on,Oracle_Safe_Lambda_0_EvaluationOnly,measured,0.0069592116617357,3613,107,107,519168,1e-06,dynamic,0.0
test_v3,test_v3_003,target_off,J0_Current,measured,0.012520032051282052,6500,15,15,519168,1e-06,dynamic,
test_v3,test_v3_003,target_on,J0_Current,measured,0.01251617973372781,6498,15,15,519168,1e-06,dynamic,
test_v3,test_v3_003,target_off,J5_Selective_Physics_Calibration,measured,0.012520032051282052,6500,15,15,519168,1e-06,dynamic,
test_v3,test_v3_003,target_on,J5_Selective_Physics_Calibration,measured,0.01251617973372781,6498,15,15,519168,1e-06,dynamic,
test_v3,test_v3_003,target_off,J6_Joint_Phase_Surface,measured,0.012520032051282052,6500,15,15,519168,1e-06,dynamic,
test_v3,test_v3_003,target_on,J6_Joint_Phase_Surface,measured,0.01251617973372781,6498,15,15,519168,1e-06,dynamic,
test_v3,test_v3_003,target_off,J7_Deterministic_Safe_Expert_Selector,measured,0.012520032051282052,6500,15,15,519168,1e-06,dynamic,
test_v3,test_v3_003,target_on,J7_Deterministic_Safe_Expert_Selector,measured,0.01251617973372781,6498,15,15,519168,1e-06,dynamic,
test_v3,test_v3_003,target_off,Oracle_Safe_Lambda_0_EvaluationOnly,measured,0.012520032051282052,6500,15,15,519168,1e-06,dynamic,0.0
test_v3,test_v3_003,target_on,Oracle_Safe_Lambda_0_EvaluationOnly,measured,0.01251617973372781,6498,15,15,519168,1e-06,dynamic,0.0
test_v3,test_v3_004,target_off,J0_Current,measured,0.00488473865877712,2536,53,53,519168,1e-06,dynamic,
test_v3,test_v3_004,target_on,J0_Current,measured,0.0051967763806706115,2698,55,55,519168,1e-06,dynamic,
test_v3,test_v3_004,target_off,J5_Selective_Physics_Calibration,measured,0.00531041974852071,2757,58,58,519168,1e-06,dynamic,
test_v3,test_v3_004,target_on,J5_Selective_Physics_Calibration,measured,0.005533854166666667,2873,60,60,519168,1e-06,dynamic,
test_v3,test_v3_004,target_off,J6_Joint_Phase_Surface,measured,0.0049714158037475345,2581,66,66,519168,1e-06,dynamic,
test_v3,test_v3_004,target_on,J6_Joint_Phase_Surface,measured,0.005389392258382643,2798,68,68,519168,1e-06,dynamic,
test_v3,test_v3_004,target_off,J7_Deterministic_Safe_Expert_Selector,measured,0.00488473865877712,2536,53,53,519168,1e-06,dynamic,
test_v3,test_v3_004,target_on,J7_Deterministic_Safe_Expert_Selector,measured,0.0051967763806706115,2698,55,55,519168,1e-06,dynamic,
test_v3,test_v3_004,target_off,Oracle_Safe_Lambda_0_EvaluationOnly,measured,0.00488473865877712,2536,53,53,519168,1e-06,dynamic,0.0
test_v3,test_v3_004,target_on,Oracle_Safe_Lambda_0_EvaluationOnly,measured,0.0051967763806706115,2698,55,55,519168,1e-06,dynamic,0.0
test_v3,test_v3_005,target_off,J0_Current,measured,0.012614413831360947,6549,24,24,519168,1e-06,dynamic,
test_v3,test_v3_005,target_on,J0_Current,measured,0.012610561513806707,6547,24,24,519168,1e-06,dynamic,
test_v3,test_v3_005,target_off,J5_Selective_Physics_Calibration,measured,0.012404462524654832,6440,29,29,519168,1e-06,dynamic,
test_v3,test_v3_005,target_on,J5_Selective_Physics_Calibration,measured,0.012400610207100591,6438,29,29,519168,1e-06,dynamic,
test_v3,test_v3_005,target_off,J6_Joint_Phase_Surface,measured,0.012494991987179488,6487,28,28,519168,1e-06,dynamic,
test_v3,test_v3_005,target_on,J6_Joint_Phase_Surface,measured,0.012493065828402367,6486,28,28,519168,1e-06,dynamic,
test_v3,test_v3_005,target_off,J7_Deterministic_Safe_Expert_Selector,measured,0.012614413831360947,6549,24,24,519168,1e-06,dynamic,
test_v3,test_v3_005,target_on,J7_Deterministic_Safe_Expert_Selector,measured,0.012610561513806707,6547,24,24,519168,1e-06,dynamic,
test_v3,test_v3_005,target_off,Oracle_Safe_Lambda_0_EvaluationOnly,measured,0.012614413831360947,6549,24,24,519168,1e-06,dynamic,0.0
test_v3,test_v3_005,target_on,Oracle_Safe_Lambda_0_EvaluationOnly,measured,0.012610561513806707,6547,24,24,519168,1e-06,dynamic,0.0
test_v3,test_v3_006,target_off,J0_Current,measured,0.01220414201183432,6336,33,33,519168,1e-06,dynamic,
test_v3,test_v3_006,target_on,J0_Current,measured,0.012190658900394478,6329,33,33,519168,1e-06,dynamic,
test_v3,test_v3_006,target_off,J5_Selective_Physics_Calibration,measured,0.012202215853057198,6335,33,33,519168,1e-06,dynamic,
test_v3,test_v3_006,target_on,J5_Selective_Physics_Calibration,measured,0.012186806582840236,6327,33,33,519168,1e-06,dynamic,
test_v3,test_v3_006,target_off,J6_Joint_Phase_Surface,measured,0.01220414201183432,6336,33,33,519168,1e-06,dynamic,
test_v3,test_v3_006,target_on,J6_Joint_Phase_Surface,measured,0.012190658900394478,6329,33,33,519168,1e-06,dynamic,
test_v3,test_v3_006,target_off,J7_Deterministic_Safe_Expert_Selector,measured,0.01220414201183432,6336,33,33,519168,1e-06,dynamic,
test_v3,test_v3_006,target_on,J7_Deterministic_Safe_Expert_Selector,measured,0.012190658900394478,6329,33,33,519168,1e-06,dynamic,
test_v3,test_v3_006,target_off,Oracle_Safe_Lambda_0_EvaluationOnly,measured,0.01220414201183432,6336,33,33,519168,1e-06,dynamic,0.0
test_v3,test_v3_006,target_on,Oracle_Safe_Lambda_0_EvaluationOnly,measured,0.012190658900394478,6329,33,33,519168,1e-06,dynamic,0.0
test_v3,test_v3_007,target_off,J0_Current,measured,0.011674448348126233,6061,40,40,519168,1e-06,dynamic,
test_v3,test_v3_007,target_on,J0_Current,measured,0.011736085428994084,6093,40,40,519168,1e-06,dynamic,
test_v3,test_v3_007,target_off,J5_Selective_Physics_Calibration,measured,0.011641703648915187,6044,39,39,519168,1e-06,dynamic,
test_v3,test_v3_007,target_on,J5_Selective_Physics_Calibration,measured,0.011709119206114399,6079,39,39,519168,1e-06,dynamic,
test_v3,test_v3_007,target_off,J6_Joint_Phase_Surface,measured,0.01166096523668639,6054,38,38,519168,1e-06,dynamic,
test_v3,test_v3_007,target_on,J6_Joint_Phase_Surface,measured,0.011736085428994084,6093,38,38,519168,1e-06,dynamic,
test_v3,test_v3_007,target_off,J7_Deterministic_Safe_Expert_Selector,measured,0.011674448348126233,6061,40,40,519168,1e-06,dynamic,
test_v3,test_v3_007,target_on,J7_Deterministic_Safe_Expert_Selector,measured,0.011736085428994084,6093,40,40,519168,1e-06,dynamic,
test_v3,test_v3_007,target_off,Oracle_Safe_Lambda_0_EvaluationOnly,measured,0.011674448348126233,6061,40,40,519168,1e-06,dynamic,0.0
test_v3,test_v3_007,target_on,Oracle_Safe_Lambda_0_EvaluationOnly,measured,0.011736085428994084,6093,40,40,519168,1e-06,dynamic,0.0
test_v3,test_v3_008,target_off,J0_Current,measured,0.003657775517751479,1899,42,42,519168,1e-06,dynamic,
test_v3,test_v3_008,target_on,J0_Current,measured,0.0036885940581854043,1915,41,41,519168,1e-06,dynamic,
test_v3,test_v3_008,target_off,J5_Selective_Physics_Calibration,measured,0.003657775517751479,1899,42,42,519168,1e-06,dynamic,
test_v3,test_v3_008,target_on,J5_Selective_Physics_Calibration,measured,0.0036885940581854043,1915,41,41,519168,1e-06,dynamic,
test_v3,test_v3_008,target_off,J6_Joint_Phase_Surface,measured,0.003657775517751479,1899,42,42,519168,1e-06,dynamic,
test_v3,test_v3_008,target_on,J6_Joint_Phase_Surface,measured,0.0036885940581854043,1915,41,41,519168,1e-06,dynamic,
test_v3,test_v3_008,target_off,J7_Deterministic_Safe_Expert_Selector,measured,0.003657775517751479,1899,42,42,519168,1e-06,dynamic,
test_v3,test_v3_008,target_on,J7_Deterministic_Safe_Expert_Selector,measured,0.0036885940581854043,1915,41,41,519168,1e-06,dynamic,
test_v3,test_v3_008,target_off,Oracle_Safe_Lambda_0_EvaluationOnly,measured,0.003657775517751479,1899,42,42,519168,1e-06,dynamic,0.0
test_v3,test_v3_008,target_on,Oracle_Safe_Lambda_0_EvaluationOnly,measured,0.0036885940581854043,1915,41,41,519168,1e-06,dynamic,0.0
test_v3,test_v3_009,target_off,J0_Current,measured,0.006812823594674556,3537,102,102,519168,1e-06,dynamic,
test_v3,test_v3_009,target_on,J0_Current,measured,0.006855199087771203,3559,103,103,519168,1e-06,dynamic,
test_v3,test_v3_009,target_off,J5_Selective_Physics_Calibration,measured,0.006685697115384615,3471,99,99,519168,1e-06,dynamic,
test_v3,test_v3_009,target_on,J5_Selective_Physics_Calibration,measured,0.006726146449704142,3492,101,101,519168,1e-06,dynamic,
test_v3,test_v3_009,target_off,J6_Joint_Phase_Surface,measured,0.006749260355029586,3504,102,102,519168,1e-06,dynamic,
test_v3,test_v3_009,target_on,J6_Joint_Phase_Surface,measured,0.006785857371794872,3523,103,103,519168,1e-06,dynamic,
test_v3,test_v3_009,target_off,J7_Deterministic_Safe_Expert_Selector,measured,0.006812823594674556,3537,102,102,519168,1e-06,dynamic,
test_v3,test_v3_009,target_on,J7_Deterministic_Safe_Expert_Selector,measured,0.006855199087771203,3559,103,103,519168,1e-06,dynamic,
test_v3,test_v3_009,target_off,Oracle_Safe_Lambda_0_EvaluationOnly,measured,0.006812823594674556,3537,102,102,519168,1e-06,dynamic,0.0
test_v3,test_v3_009,target_on,Oracle_Safe_Lambda_0_EvaluationOnly,measured,0.006855199087771203,3559,103,103,519168,1e-06,dynamic,0.0
test_v3,test_v3_010,target_off,J0_Current,measured,0.00762758875739645,3960,115,115,519168,1e-06,dynamic,
test_v3,test_v3_010,target_on,J0_Current,measured,0.007429194403353058,3857,106,106,519168,1e-06,dynamic,
test_v3,test_v3_010,target_off,J5_Selective_Physics_Calibration,measured,0.007644924186390532,3969,113,113,519168,1e-06,dynamic,
test_v3,test_v3_010,target_on,J5_Selective_Physics_Calibration,measured,0.007419563609467455,3852,104,104,519168,1e-06,dynamic,
test_v3,test_v3_010,target_off,J6_Joint_Phase_Surface,measured,0.008338341346153846,4329,144,144,519168,1e-06,dynamic,
test_v3,test_v3_010,target_on,J6_Joint_Phase_Surface,measured,0.00800318971893491,4155,133,133,519168,1e-06,dynamic,
test_v3,test_v3_010,target_off,J7_Deterministic_Safe_Expert_Selector,measured,0.008338341346153846,4329,144,144,519168,1e-06,dynamic,
test_v3,test_v3_010,target_on,J7_Deterministic_Safe_Expert_Selector,measured,0.00800318971893491,4155,133,133,519168,1e-06,dynamic,
test_v3,test_v3_010,target_off,Oracle_Safe_Lambda_0_EvaluationOnly,measured,0.00762758875739645,3960,115,115,519168,1e-06,dynamic,0.0
test_v3,test_v3_010,target_on,Oracle_Safe_Lambda_0_EvaluationOnly,measured,0.007429194403353058,3857,106,106,519168,1e-06,dynamic,0.0
test_v3,test_v3_011,target_off,J0_Current,measured,0.012481508875739645,6480,12,12,519168,1e-06,dynamic,
test_v3,test_v3_011,target_on,J0_Current,measured,0.01245646881163708,6467,13,13,519168,1e-06,dynamic,
test_v3,test_v3_011,target_off,J5_Selective_Physics_Calibration,measured,0.012481508875739645,6480,12,12,519168,1e-06,dynamic,
test_v3,test_v3_011,target_on,J5_Selective_Physics_Calibration,measured,0.01245646881163708,6467,13,13,519168,1e-06,dynamic,
test_v3,test_v3_011,target_off,J6_Joint_Phase_Surface,measured,0.012481508875739645,6480,12,12,519168,1e-06,dynamic,
test_v3,test_v3_011,target_on,J6_Joint_Phase_Surface,measured,0.01245646881163708,6467,13,13,519168,1e-06,dynamic,
test_v3,test_v3_011,target_off,J7_Deterministic_Safe_Expert_Selector,measured,0.012481508875739645,6480,12,12,519168,1e-06,dynamic,
test_v3,test_v3_011,target_on,J7_Deterministic_Safe_Expert_Selector,measured,0.01245646881163708,6467,13,13,519168,1e-06,dynamic,
test_v3,test_v3_011,target_off,Oracle_Safe_Lambda_0_EvaluationOnly,measured,0.012481508875739645,6480,12,12,519168,1e-06,dynamic,0.0
test_v3,test_v3_011,target_on,Oracle_Safe_Lambda_0_EvaluationOnly,measured,0.01245646881163708,6467,13,13,519168,1e-06,dynamic,0.0
test_v3,test_v3_012,target_off,J0_Current,measured,0.004603519477317554,2390,46,46,519168,1e-06,dynamic,
test_v3,test_v3_012,target_on,J0_Current,measured,0.0048962956114398425,2542,47,47,519168,1e-06,dynamic,
test_v3,test_v3_012,target_off,J5_Selective_Physics_Calibration,measured,0.0048712555473372785,2529,53,53,519168,1e-06,dynamic,
test_v3,test_v3_012,target_on,J5_Selective_Physics_Calibration,measured,0.005198702539447732,2699,54,54,519168,1e-06,dynamic,
test_v3,test_v3_012,target_off,J6_Joint_Phase_Surface,measured,0.004780726084812623,2482,60,60,519168,1e-06,dynamic,
test_v3,test_v3_012,target_on,J6_Joint_Phase_Surface,measured,0.005060019107495069,2627,61,61,519168,1e-06,dynamic,
test_v3,test_v3_012,target_off,J7_Deterministic_Safe_Expert_Selector,measured,0.004603519477317554,2390,46,46,519168,1e-06,dynamic,
test_v3,test_v3_012,target_on,J7_Deterministic_Safe_Expert_Selector,measured,0.0048962956114398425,2542,47,47,519168,1e-06,dynamic,
test_v3,test_v3_012,target_off,Oracle_Safe_Lambda_0_EvaluationOnly,measured,0.004603519477317554,2390,46,46,519168,1e-06,dynamic,0.0
test_v3,test_v3_012,target_on,Oracle_Safe_Lambda_0_EvaluationOnly,measured,0.0048962956114398425,2542,47,47,519168,1e-06,dynamic,0.0
test_v3,test_v3_013,target_off,J0_Current,measured,0.012708795611439842,6598,30,30,519168,1e-06,dynamic,
test_v3,test_v3_013,target_on,J0_Current,measured,0.012681829388560158,6584,29,29,519168,1e-06,dynamic,
test_v3,test_v3_013,target_off,J5_Selective_Physics_Calibration,measured,0.01257396449704142,6528,26,26,519168,1e-06,dynamic,
test_v3,test_v3_013,target_on,J5_Selective_Physics_Calibration,measured,0.012562407544378698,6522,26,26,519168,1e-06,dynamic,
test_v3,test_v3_013,target_off,J6_Joint_Phase_Surface,measured,0.012589373767258383,6536,27,27,519168,1e-06,dynamic,
test_v3,test_v3_013,target_on,J6_Joint_Phase_Surface,measured,0.0125720383382643,6527,26,26,519168,1e-06,dynamic,
test_v3,test_v3_013,target_off,J7_Deterministic_Safe_Expert_Selector,measured,0.012708795611439842,6598,30,30,519168,1e-06,dynamic,
test_v3,test_v3_013,target_on,J7_Deterministic_Safe_Expert_Selector,measured,0.012681829388560158,6584,29,29,519168,1e-06,dynamic,
test_v3,test_v3_013,target_off,Oracle_Safe_Lambda_0_EvaluationOnly,measured,0.012708795611439842,6598,30,30,519168,1e-06,dynamic,0.0
test_v3,test_v3_013,target_on,Oracle_Safe_Lambda_0_EvaluationOnly,measured,0.012681829388560158,6584,29,29,519168,1e-06,dynamic,0.0
test_v3,test_v3_014,target_off,J0_Current,measured,0.011911365877712032,6184,45,45,519168,1e-06,dynamic,
test_v3,test_v3_014,target_on,J0_Current,measured,0.011932553624260355,6195,46,46,519168,1e-06,dynamic,
test_v3,test_v3_014,target_off,J5_Selective_Physics_Calibration,measured,0.01190558740138067,6181,44,44,519168,1e-06,dynamic,
test_v3,test_v3_014,target_on,J5_Selective_Physics_Calibration,measured,0.011919070512820512,6188,45,45,519168,1e-06,dynamic,
test_v3,test_v3_014,target_off,J6_Joint_Phase_Surface,measured,0.011919070512820512,6188,44,44,519168,1e-06,dynamic,
test_v3,test_v3_014,target_on,J6_Joint_Phase_Surface,measured,0.011934479783037475,6196,45,45,519168,1e-06,dynamic,
test_v3,test_v3_014,target_off,J7_Deterministic_Safe_Expert_Selector,measured,0.011919070512820512,6188,44,44,519168,1e-06,dynamic,
test_v3,test_v3_014,target_on,J7_Deterministic_Safe_Expert_Selector,measured,0.011934479783037475,6196,45,45,519168,1e-06,dynamic,
test_v3,test_v3_014,target_off,Oracle_Safe_Lambda_0_EvaluationOnly,measured,0.011911365877712032,6184,45,45,519168,1e-06,dynamic,0.0
test_v3,test_v3_014,target_on,Oracle_Safe_Lambda_0_EvaluationOnly,measured,0.011932553624260355,6195,46,46,519168,1e-06,dynamic,0.0
test_v3,test_v3_015,target_off,J0_Current,measured,0.010823086168639053,5619,34,34,519168,1e-06,dynamic,
test_v3,test_v3_015,target_on,J0_Current,measured,0.010813455374753452,5614,34,34,519168,1e-06,dynamic,
test_v3,test_v3_015,target_off,J5_Selective_Physics_Calibration,measured,0.010753744452662722,5583,34,34,519168,1e-06,dynamic,
test_v3,test_v3_015,target_on,J5_Selective_Physics_Calibration,measured,0.010753744452662722,5583,34,34,519168,1e-06,dynamic,
test_v3,test_v3_015,target_off,J6_Joint_Phase_Surface,measured,0.010774932199211046,5594,38,38,519168,1e-06,dynamic,
test_v3,test_v3_015,target_on,J6_Joint_Phase_Surface,measured,0.010774932199211046,5594,37,37,519168,1e-06,dynamic,
test_v3,test_v3_015,target_off,J7_Deterministic_Safe_Expert_Selector,measured,0.010823086168639053,5619,34,34,519168,1e-06,dynamic,
test_v3,test_v3_015,target_on,J7_Deterministic_Safe_Expert_Selector,measured,0.010813455374753452,5614,34,34,519168,1e-06,dynamic,
test_v3,test_v3_015,target_off,Oracle_Safe_Lambda_0_EvaluationOnly,measured,0.010823086168639053,5619,34,34,519168,1e-06,dynamic,0.0
test_v3,test_v3_015,target_on,Oracle_Safe_Lambda_0_EvaluationOnly,measured,0.010813455374753452,5614,34,34,519168,1e-06,dynamic,0.0
test_v3,test_v3_016,target_off,J0_Current,measured,0.004482171474358974,2327,72,72,519168,1e-06,dynamic,
test_v3,test_v3_016,target_on,J0_Current,measured,0.004711384368836292,2446,80,80,519168,1e-06,dynamic,
test_v3,test_v3_016,target_off,J5_Selective_Physics_Calibration,measured,0.004482171474358974,2327,72,72,519168,1e-06,dynamic,
test_v3,test_v3_016,target_on,J5_Selective_Physics_Calibration,measured,0.004711384368836292,2446,80,80,519168,1e-06,dynamic,
test_v3,test_v3_016,target_off,J6_Joint_Phase_Surface,measured,0.004482171474358974,2327,72,72,519168,1e-06,dynamic,
test_v3,test_v3_016,target_on,J6_Joint_Phase_Surface,measured,0.004711384368836292,2446,80,80,519168,1e-06,dynamic,
test_v3,test_v3_016,target_off,J7_Deterministic_Safe_Expert_Selector,measured,0.004482171474358974,2327,72,72,519168,1e-06,dynamic,
test_v3,test_v3_016,target_on,J7_Deterministic_Safe_Expert_Selector,measured,0.004711384368836292,2446,80,80,519168,1e-06,dynamic,
test_v3,test_v3_016,target_off,Oracle_Safe_Lambda_0_EvaluationOnly,measured,0.004482171474358974,2327,72,72,519168,1e-06,dynamic,0.0
test_v3,test_v3_016,target_on,Oracle_Safe_Lambda_0_EvaluationOnly,measured,0.004711384368836292,2446,80,80,519168,1e-06,dynamic,0.0
test_v3,test_v3_017,target_off,J0_Current,measured,0.006493081237672584,3371,100,100,519168,1e-06,dynamic,
test_v3,test_v3_017,target_on,J0_Current,measured,0.00652967825443787,3390,100,100,519168,1e-06,dynamic,
test_v3,test_v3_017,target_off,J5_Selective_Physics_Calibration,measured,0.0066452477810650884,3450,115,115,519168,1e-06,dynamic,
test_v3,test_v3_017,target_on,J5_Selective_Physics_Calibration,measured,0.006677992480276134,3467,115,115,519168,1e-06,dynamic,
test_v3,test_v3_017,target_off,J6_Joint_Phase_Surface,measured,0.006606724605522683,3430,113,113,519168,1e-06,dynamic,
test_v3,test_v3_017,target_on,J6_Joint_Phase_Surface,measured,0.006647173939842209,3451,113,113,519168,1e-06,dynamic,
test_v3,test_v3_017,target_off,J7_Deterministic_Safe_Expert_Selector,measured,0.006493081237672584,3371,100,100,519168,1e-06,dynamic,
test_v3,test_v3_017,target_on,J7_Deterministic_Safe_Expert_Selector,measured,0.00652967825443787,3390,100,100,519168,1e-06,dynamic,
test_v3,test_v3_017,target_off,Oracle_Safe_Lambda_0_EvaluationOnly,measured,0.006493081237672584,3371,100,100,519168,1e-06,dynamic,0.0
test_v3,test_v3_017,target_on,Oracle_Safe_Lambda_0_EvaluationOnly,measured,0.00652967825443787,3390,100,100,519168,1e-06,dynamic,0.0
test_v3,test_v3_018,target_off,J0_Current,measured,0.007831761587771203,4066,132,132,519168,1e-06,dynamic,
test_v3,test_v3_018,target_on,J0_Current,measured,0.007781681459566075,4040,131,131,519168,1e-06,dynamic,
test_v3,test_v3_018,target_off,J5_Selective_Physics_Calibration,measured,0.007835613905325443,4068,132,132,519168,1e-06,dynamic,
test_v3,test_v3_018,target_on,J5_Selective_Physics_Calibration,measured,0.007787459935897436,4043,131,131,519168,1e-06,dynamic,
test_v3,test_v3_018,target_off,J6_Joint_Phase_Surface,measured,0.008016672830374754,4162,144,144,519168,1e-06,dynamic,
test_v3,test_v3_018,target_on,J6_Joint_Phase_Surface,measured,0.008026303624260355,4167,144,144,519168,1e-06,dynamic,
test_v3,test_v3_018,target_off,J7_Deterministic_Safe_Expert_Selector,measured,0.008016672830374754,4162,144,144,519168,1e-06,dynamic,
test_v3,test_v3_018,target_on,J7_Deterministic_Safe_Expert_Selector,measured,0.008026303624260355,4167,144,144,519168,1e-06,dynamic,
test_v3,test_v3_018,target_off,Oracle_Safe_Lambda_0_EvaluationOnly,measured,0.007831761587771203,4066,132,132,519168,1e-06,dynamic,0.0
test_v3,test_v3_018,target_on,Oracle_Safe_Lambda_0_EvaluationOnly,measured,0.007781681459566075,4040,131,131,519168,1e-06,dynamic,0.0
test_v3,test_v3_019,target_off,J0_Current,measured,0.012645232371794872,6565,16,16,519168,1e-06,dynamic,
test_v3,test_v3_019,target_on,J0_Current,measured,0.012679903229783037,6583,17,17,519168,1e-06,dynamic,
test_v3,test_v3_019,target_off,J5_Selective_Physics_Calibration,measured,0.012645232371794872,6565,16,16,519168,1e-06,dynamic,
test_v3,test_v3_019,target_on,J5_Selective_Physics_Calibration,measured,0.012679903229783037,6583,17,17,519168,1e-06,dynamic,
test_v3,test_v3_019,target_off,J6_Joint_Phase_Surface,measured,0.012645232371794872,6565,16,16,519168,1e-06,dynamic,
test_v3,test_v3_019,target_on,J6_Joint_Phase_Surface,measured,0.012679903229783037,6583,17,17,519168,1e-06,dynamic,
test_v3,test_v3_019,target_off,J7_Deterministic_Safe_Expert_Selector,measured,0.012645232371794872,6565,16,16,519168,1e-06,dynamic,
test_v3,test_v3_019,target_on,J7_Deterministic_Safe_Expert_Selector,measured,0.012679903229783037,6583,17,17,519168,1e-06,dynamic,
test_v3,test_v3_019,target_off,Oracle_Safe_Lambda_0_EvaluationOnly,measured,0.012645232371794872,6565,16,16,519168,1e-06,dynamic,0.0
test_v3,test_v3_019,target_on,Oracle_Safe_Lambda_0_EvaluationOnly,measured,0.012679903229783037,6583,17,17,519168,1e-06,dynamic,0.0
test_v3,test_v3_020,target_off,J0_Current,measured,0.004545734714003945,2360,40,40,519168,1e-06,dynamic,
test_v3,test_v3_020,target_on,J0_Current,measured,0.005468364768244576,2839,41,41,519168,1e-06,dynamic,
test_v3,test_v3_020,target_off,J5_Selective_Physics_Calibration,measured,0.004809618466469428,2497,50,50,519168,1e-06,dynamic,
test_v3,test_v3_020,target_on,J5_Selective_Physics_Calibration,measured,0.005632088264299803,2924,53,53,519168,1e-06,dynamic,
test_v3,test_v3_020,target_off,J6_Joint_Phase_Surface,measured,0.0048962956114398425,2542,53,53,519168,1e-06,dynamic,
test_v3,test_v3_020,target_on,J6_Joint_Phase_Surface,measured,0.005670611439842209,2944,55,55,519168,1e-06,dynamic,
test_v3,test_v3_020,target_off,J7_Deterministic_Safe_Expert_Selector,measured,0.004545734714003945,2360,40,40,519168,1e-06,dynamic,
test_v3,test_v3_020,target_on,J7_Deterministic_Safe_Expert_Selector,measured,0.005468364768244576,2839,41,41,519168,1e-06,dynamic,
test_v3,test_v3_020,target_off,Oracle_Safe_Lambda_0_EvaluationOnly,measured,0.004545734714003945,2360,40,40,519168,1e-06,dynamic,0.0
test_v3,test_v3_020,target_on,Oracle_Safe_Lambda_0_EvaluationOnly,measured,0.005468364768244576,2839,41,41,519168,1e-06,dynamic,0.0
test_v3,test_v3_021,target_off,J0_Current,measured,0.012437207223865878,6457,39,39,519168,1e-06,dynamic,
test_v3,test_v3_021,target_on,J0_Current,measured,0.011884399654832347,6170,48,48,519168,1e-06,dynamic,
test_v3,test_v3_021,target_off,J5_Selective_Physics_Calibration,measured,0.012233034393491124,6351,35,35,519168,1e-06,dynamic,
test_v3,test_v3_021,target_on,J5_Selective_Physics_Calibration,measured,0.011736085428994084,6093,45,45,519168,1e-06,dynamic,
test_v3,test_v3_021,target_off,J6_Joint_Phase_Surface,measured,0.01220606817061144,6337,32,32,519168,1e-06,dynamic,
test_v3,test_v3_021,target_on,J6_Joint_Phase_Surface,measured,0.01166096523668639,6054,40,40,519168,1e-06,dynamic,
test_v3,test_v3_021,target_off,J7_Deterministic_Safe_Expert_Selector,measured,0.012437207223865878,6457,39,39,519168,1e-06,dynamic,
test_v3,test_v3_021,target_on,J7_Deterministic_Safe_Expert_Selector,measured,0.011884399654832347,6170,48,48,519168,1e-06,dynamic,
test_v3,test_v3_021,target_off,Oracle_Safe_Lambda_0_EvaluationOnly,measured,0.012437207223865878,6457,39,39,519168,1e-06,dynamic,0.0
test_v3,test_v3_021,target_on,Oracle_Safe_Lambda_0_EvaluationOnly,measured,0.011884399654832347,6170,48,48,519168,1e-06,dynamic,0.0
test_v3,test_v3_022,target_off,J0_Current,measured,0.011216022559171597,5823,39,39,519168,1e-06,dynamic,
test_v3,test_v3_022,target_on,J0_Current,measured,0.011204465606508876,5817,40,40,519168,1e-06,dynamic,
test_v3,test_v3_022,target_off,J5_Selective_Physics_Calibration,measured,0.011216022559171597,5823,39,39,519168,1e-06,dynamic,
test_v3,test_v3_022,target_on,J5_Selective_Physics_Calibration,measured,0.011204465606508876,5817,40,40,519168,1e-06,dynamic,
test_v3,test_v3_022,target_off,J6_Joint_Phase_Surface,measured,0.011219874876725839,5825,40,40,519168,1e-06,dynamic,
test_v3,test_v3_022,target_on,J6_Joint_Phase_Surface,measured,0.011219874876725839,5825,41,41,519168,1e-06,dynamic,
test_v3,test_v3_022,target_off,J7_Deterministic_Safe_Expert_Selector,measured,0.011219874876725839,5825,40,40,519168,1e-06,dynamic,
test_v3,test_v3_022,target_on,J7_Deterministic_Safe_Expert_Selector,measured,0.011219874876725839,5825,41,41,519168,1e-06,dynamic,
test_v3,test_v3_022,target_off,Oracle_Safe_Lambda_0_EvaluationOnly,measured,0.011216022559171597,5823,39,39,519168,1e-06,dynamic,0.0
test_v3,test_v3_022,target_on,Oracle_Safe_Lambda_0_EvaluationOnly,measured,0.011204465606508876,5817,40,40,519168,1e-06,dynamic,0.0
test_v3,test_v3_023,target_off,J0_Current,measured,0.01117172090729783,5800,44,44,519168,1e-06,dynamic,
test_v3,test_v3_023,target_on,J0_Current,measured,0.011135123890532544,5781,44,44,519168,1e-06,dynamic,
test_v3,test_v3_023,target_off,J5_Selective_Physics_Calibration,measured,0.010994514299802761,5708,40,40,519168,1e-06,dynamic,
test_v3,test_v3_023,target_on,J5_Selective_Physics_Calibration,measured,0.010975252712031558,5698,41,41,519168,1e-06,dynamic,
test_v3,test_v3_023,target_off,J6_Joint_Phase_Surface,measured,0.011071560650887574,5748,46,46,519168,1e-06,dynamic,
test_v3,test_v3_023,target_on,J6_Joint_Phase_Surface,measured,0.011052299063116371,5738,47,47,519168,1e-06,dynamic,
test_v3,test_v3_023,target_off,J7_Deterministic_Safe_Expert_Selector,measured,0.01117172090729783,5800,44,44,519168,1e-06,dynamic,
test_v3,test_v3_023,target_on,J7_Deterministic_Safe_Expert_Selector,measured,0.011135123890532544,5781,44,44,519168,1e-06,dynamic,
test_v3,test_v3_023,target_off,Oracle_Safe_Lambda_0_EvaluationOnly,measured,0.01117172090729783,5800,44,44,519168,1e-06,dynamic,0.0
test_v3,test_v3_023,target_on,Oracle_Safe_Lambda_0_EvaluationOnly,measured,0.011135123890532544,5781,44,44,519168,1e-06,dynamic,0.0
test_v3,test_v3_024,target_off,J0_Current,measured,0.004120053624260355,2139,60,60,519168,1e-06,dynamic,
test_v3,test_v3_024,target_on,J0_Current,measured,0.004555365507889546,2365,68,68,519168,1e-06,dynamic,
test_v3,test_v3_024,target_off,J5_Selective_Physics_Calibration,measured,0.004120053624260355,2139,60,60,519168,1e-06,dynamic,
test_v3,test_v3_024,target_on,J5_Selective_Physics_Calibration,measured,0.004555365507889546,2365,68,68,519168,1e-06,dynamic,
test_v3,test_v3_024,target_off,J6_Joint_Phase_Surface,measured,0.004120053624260355,2139,60,60,519168,1e-06,dynamic,
test_v3,test_v3_024,target_on,J6_Joint_Phase_Surface,measured,0.004555365507889546,2365,68,68,519168,1e-06,dynamic,
test_v3,test_v3_024,target_off,J7_Deterministic_Safe_Expert_Selector,measured,0.004120053624260355,2139,60,60,519168,1e-06,dynamic,
test_v3,test_v3_024,target_on,J7_Deterministic_Safe_Expert_Selector,measured,0.004555365507889546,2365,68,68,519168,1e-06,dynamic,
test_v3,test_v3_024,target_off,Oracle_Safe_Lambda_0_EvaluationOnly,measured,0.004120053624260355,2139,60,60,519168,1e-06,dynamic,0.0
test_v3,test_v3_024,target_on,Oracle_Safe_Lambda_0_EvaluationOnly,measured,0.004555365507889546,2365,68,68,519168,1e-06,dynamic,0.0
test_v3,test_v3_025,target_off,J0_Current,measured,0.006903353057199211,3584,85,85,519168,1e-06,dynamic,
test_v3,test_v3_025,target_on,J0_Current,measured,0.006743481878698225,3501,82,82,519168,1e-06,dynamic,
test_v3,test_v3_025,target_off,J5_Selective_Physics_Calibration,measured,0.0069746209319526626,3621,108,108,519168,1e-06,dynamic,
test_v3,test_v3_025,target_on,J5_Selective_Physics_Calibration,measured,0.00689757458086785,3581,104,104,519168,1e-06,dynamic,
test_v3,test_v3_025,target_off,J6_Joint_Phase_Surface,measured,0.006968842455621301,3618,109,109,519168,1e-06,dynamic,
test_v3,test_v3_025,target_on,J6_Joint_Phase_Surface,measured,0.006868682199211045,3566,106,106,519168,1e-06,dynamic,
test_v3,test_v3_025,target_off,J7_Deterministic_Safe_Expert_Selector,measured,0.006903353057199211,3584,85,85,519168,1e-06,dynamic,
test_v3,test_v3_025,target_on,J7_Deterministic_Safe_Expert_Selector,measured,0.006743481878698225,3501,82,82,519168,1e-06,dynamic,
test_v3,test_v3_025,target_off,Oracle_Safe_Lambda_0_EvaluationOnly,measured,0.006903353057199211,3584,85,85,519168,1e-06,dynamic,0.0
test_v3,test_v3_025,target_on,Oracle_Safe_Lambda_0_EvaluationOnly,measured,0.006743481878698225,3501,82,82,519168,1e-06,dynamic,0.0
test_v3,test_v3_026,target_off,J0_Current,measured,0.006934171597633136,3600,103,103,519168,1e-06,dynamic,
test_v3,test_v3_026,target_on,J0_Current,measured,0.006876386834319527,3570,99,99,519168,1e-06,dynamic,
test_v3,test_v3_026,target_off,J5_Selective_Physics_Calibration,measured,0.0069592116617357,3613,103,103,519168,1e-06,dynamic,
test_v3,test_v3_026,target_on,J5_Selective_Physics_Calibration,measured,0.0068956484220907294,3580,101,101,519168,1e-06,dynamic,
test_v3,test_v3_026,target_off,J6_Joint_Phase_Surface,measured,0.007623736439842209,3958,143,143,519168,1e-06,dynamic,
test_v3,test_v3_026,target_on,J6_Joint_Phase_Surface,measured,0.007558247041420118,3924,138,138,519168,1e-06,dynamic,
test_v3,test_v3_026,target_off,J7_Deterministic_Safe_Expert_Selector,measured,0.006934171597633136,3600,103,103,519168,1e-06,dynamic,
test_v3,test_v3_026,target_on,J7_Deterministic_Safe_Expert_Selector,measured,0.006876386834319527,3570,99,99,519168,1e-06,dynamic,
test_v3,test_v3_026,target_off,Oracle_Safe_Lambda_0_EvaluationOnly,measured,0.006934171597633136,3600,103,103,519168,1e-06,dynamic,0.0
test_v3,test_v3_026,target_on,Oracle_Safe_Lambda_0_EvaluationOnly,measured,0.006876386834319527,3570,99,99,519168,1e-06,dynamic,0.0
test_v3,test_v3_027,target_off,J0_Current,measured,0.012310080744575937,6391,31,31,519168,1e-06,dynamic,
test_v3,test_v3_027,target_on,J0_Current,measured,0.012302376109467456,6387,31,31,519168,1e-06,dynamic,
test_v3,test_v3_027,target_off,J5_Selective_Physics_Calibration,measured,0.012310080744575937,6391,31,31,519168,1e-06,dynamic,
test_v3,test_v3_027,target_on,J5_Selective_Physics_Calibration,measured,0.012302376109467456,6387,31,31,519168,1e-06,dynamic,
test_v3,test_v3_027,target_off,J6_Joint_Phase_Surface,measured,0.012310080744575937,6391,31,31,519168,1e-06,dynamic,
test_v3,test_v3_027,target_on,J6_Joint_Phase_Surface,measured,0.012302376109467456,6387,31,31,519168,1e-06,dynamic,
test_v3,test_v3_027,target_off,J7_Deterministic_Safe_Expert_Selector,measured,0.012310080744575937,6391,31,31,519168,1e-06,dynamic,
test_v3,test_v3_027,target_on,J7_Deterministic_Safe_Expert_Selector,measured,0.012302376109467456,6387,31,31,519168,1e-06,dynamic,
test_v3,test_v3_027,target_off,Oracle_Safe_Lambda_0_EvaluationOnly,measured,0.012310080744575937,6391,31,31,519168,1e-06,dynamic,0.0
test_v3,test_v3_027,target_on,Oracle_Safe_Lambda_0_EvaluationOnly,measured,0.012302376109467456,6387,31,31,519168,1e-06,dynamic,0.0
test_v3,test_v3_028,target_off,J0_Current,measured,0.004135462894477317,2147,31,31,519168,1e-06,dynamic,
test_v3,test_v3_028,target_on,J0_Current,measured,0.004486023791913215,2329,30,30,519168,1e-06,dynamic,
test_v3,test_v3_028,target_off,J5_Selective_Physics_Calibration,measured,0.004135462894477317,2147,31,31,519168,1e-06,dynamic,
test_v3,test_v3_028,target_on,J5_Selective_Physics_Calibration,measured,0.004486023791913215,2329,30,30,519168,1e-06,dynamic,
test_v3,test_v3_028,target_off,J6_Joint_Phase_Surface,measured,0.004135462894477317,2147,31,31,519168,1e-06,dynamic,
test_v3,test_v3_028,target_on,J6_Joint_Phase_Surface,measured,0.004486023791913215,2329,30,30,519168,1e-06,dynamic,
test_v3,test_v3_028,target_off,J7_Deterministic_Safe_Expert_Selector,measured,0.004135462894477317,2147,31,31,519168,1e-06,dynamic,
test_v3,test_v3_028,target_on,J7_Deterministic_Safe_Expert_Selector,measured,0.004486023791913215,2329,30,30,519168,1e-06,dynamic,
test_v3,test_v3_028,target_off,Oracle_Safe_Lambda_0_EvaluationOnly,measured,0.004135462894477317,2147,31,31,519168,1e-06,dynamic,0.0
test_v3,test_v3_028,target_on,Oracle_Safe_Lambda_0_EvaluationOnly,measured,0.004486023791913215,2329,30,30,519168,1e-06,dynamic,0.0
test_v3,test_v3_029,target_off,J0_Current,measured,0.011194834812623275,5812,24,24,519168,1e-06,dynamic,
test_v3,test_v3_029,target_on,J0_Current,measured,0.011144754684418145,5786,24,24,519168,1e-06,dynamic,
test_v3,test_v3_029,target_off,J5_Selective_Physics_Calibration,measured,0.011194834812623275,5812,24,24,519168,1e-06,dynamic,
test_v3,test_v3_029,target_on,J5_Selective_Physics_Calibration,measured,0.011144754684418145,5786,24,24,519168,1e-06,dynamic,
test_v3,test_v3_029,target_off,J6_Joint_Phase_Surface,measured,0.011194834812623275,5812,24,24,519168,1e-06,dynamic,
test_v3,test_v3_029,target_on,J6_Joint_Phase_Surface,measured,0.011144754684418145,5786,24,24,519168,1e-06,dynamic,
test_v3,test_v3_029,target_off,J7_Deterministic_Safe_Expert_Selector,measured,0.011194834812623275,5812,24,24,519168,1e-06,dynamic,
test_v3,test_v3_029,target_on,J7_Deterministic_Safe_Expert_Selector,measured,0.011144754684418145,5786,24,24,519168,1e-06,dynamic,
test_v3,test_v3_029,target_off,Oracle_Safe_Lambda_0_EvaluationOnly,measured,0.011194834812623275,5812,24,24,519168,1e-06,dynamic,0.0
test_v3,test_v3_029,target_on,Oracle_Safe_Lambda_0_EvaluationOnly,measured,0.011144754684418145,5786,24,24,519168,1e-06,dynamic,0.0
test_v3,test_v3_030,target_off,J0_Current,measured,0.011088896079881656,5757,34,34,519168,1e-06,dynamic,
test_v3,test_v3_030,target_on,J0_Current,measured,0.011065782174556213,5745,34,34,519168,1e-06,dynamic,
test_v3,test_v3_030,target_off,J5_Selective_Physics_Calibration,measured,0.011092748397435898,5759,34,34,519168,1e-06,dynamic,
test_v3,test_v3_030,target_on,J5_Selective_Physics_Calibration,measured,0.011075412968441814,5750,34,34,519168,1e-06,dynamic,
test_v3,test_v3_030,target_off,J6_Joint_Phase_Surface,measured,0.011088896079881656,5757,34,34,519168,1e-06,dynamic,
test_v3,test_v3_030,target_on,J6_Joint_Phase_Surface,measured,0.011065782174556213,5745,34,34,519168,1e-06,dynamic,
test_v3,test_v3_030,target_off,J7_Deterministic_Safe_Expert_Selector,measured,0.011088896079881656,5757,34,34,519168,1e-06,dynamic,
test_v3,test_v3_030,target_on,J7_Deterministic_Safe_Expert_Selector,measured,0.011065782174556213,5745,34,34,519168,1e-06,dynamic,
test_v3,test_v3_030,target_off,Oracle_Safe_Lambda_0_EvaluationOnly,measured,0.011088896079881656,5757,34,34,519168,1e-06,dynamic,0.0
test_v3,test_v3_030,target_on,Oracle_Safe_Lambda_0_EvaluationOnly,measured,0.011065782174556213,5745,34,34,519168,1e-06,dynamic,0.0
test_v3,test_v3_031,target_off,J0_Current,measured,0.010767227564102564,5590,40,40,519168,1e-06,dynamic,
test_v3,test_v3_031,target_on,J0_Current,measured,0.010761449087771203,5587,39,39,519168,1e-06,dynamic,
test_v3,test_v3_031,target_off,J5_Selective_Physics_Calibration,measured,0.010659362672583826,5534,40,40,519168,1e-06,dynamic,
test_v3,test_v3_031,target_on,J5_Selective_Physics_Calibration,measured,0.010655510355029586,5532,40,40,519168,1e-06,dynamic,
test_v3,test_v3_031,target_off,J6_Joint_Phase_Surface,measured,0.01062083949704142,5514,43,43,519168,1e-06,dynamic,
test_v3,test_v3_031,target_on,J6_Joint_Phase_Surface,measured,0.010640101084812623,5524,43,43,519168,1e-06,dynamic,
test_v3,test_v3_031,target_off,J7_Deterministic_Safe_Expert_Selector,measured,0.010767227564102564,5590,40,40,519168,1e-06,dynamic,
test_v3,test_v3_031,target_on,J7_Deterministic_Safe_Expert_Selector,measured,0.010761449087771203,5587,39,39,519168,1e-06,dynamic,
test_v3,test_v3_031,target_off,Oracle_Safe_Lambda_0_EvaluationOnly,measured,0.010767227564102564,5590,40,40,519168,1e-06,dynamic,0.0
test_v3,test_v3_031,target_on,Oracle_Safe_Lambda_0_EvaluationOnly,measured,0.010761449087771203,5587,39,39,519168,1e-06,dynamic,0.0
test_v3,test_v3_032,target_off,J0_Current,measured,0.004347340359960553,2257,63,63,519168,1e-06,dynamic,
test_v3,test_v3_032,target_on,J0_Current,measured,0.004266441691321499,2215,57,57,519168,1e-06,dynamic,
test_v3,test_v3_032,target_off,J5_Selective_Physics_Calibration,measured,0.004347340359960553,2257,63,63,519168,1e-06,dynamic,
test_v3,test_v3_032,target_on,J5_Selective_Physics_Calibration,measured,0.004266441691321499,2215,57,57,519168,1e-06,dynamic,
test_v3,test_v3_032,target_off,J6_Joint_Phase_Surface,measured,0.004347340359960553,2257,63,63,519168,1e-06,dynamic,
test_v3,test_v3_032,target_on,J6_Joint_Phase_Surface,measured,0.004266441691321499,2215,57,57,519168,1e-06,dynamic,
test_v3,test_v3_032,target_off,J7_Deterministic_Safe_Expert_Selector,measured,0.004347340359960553,2257,63,63,519168,1e-06,dynamic,
test_v3,test_v3_032,target_on,J7_Deterministic_Safe_Expert_Selector,measured,0.004266441691321499,2215,57,57,519168,1e-06,dynamic,
test_v3,test_v3_032,target_off,Oracle_Safe_Lambda_0_EvaluationOnly,measured,0.004347340359960553,2257,63,63,519168,1e-06,dynamic,0.0
test_v3,test_v3_032,target_on,Oracle_Safe_Lambda_0_EvaluationOnly,measured,0.004266441691321499,2215,57,57,519168,1e-06,dynamic,0.0
test_v3,test_v3_033,target_off,J0_Current,measured,0.006252311390532545,3246,75,75,519168,1e-06,dynamic,
test_v3,test_v3_033,target_on,J0_Current,measured,0.006325505424063117,3284,72,72,519168,1e-06,dynamic,
test_v3,test_v3_033,target_off,J5_Selective_Physics_Calibration,measured,0.006252311390532545,3246,75,75,519168,1e-06,dynamic,
test_v3,test_v3_033,target_on,J5_Selective_Physics_Calibration,measured,0.006325505424063117,3284,72,72,519168,1e-06,dynamic,
test_v3,test_v3_033,target_off,J6_Joint_Phase_Surface,measured,0.006252311390532545,3246,75,75,519168,1e-06,dynamic,
test_v3,test_v3_033,target_on,J6_Joint_Phase_Surface,measured,0.006325505424063117,3284,72,72,519168,1e-06,dynamic,
test_v3,test_v3_033,target_off,J7_Deterministic_Safe_Expert_Selector,measured,0.006252311390532545,3246,75,75,519168,1e-06,dynamic,
test_v3,test_v3_033,target_on,J7_Deterministic_Safe_Expert_Selector,measured,0.006325505424063117,3284,72,72,519168,1e-06,dynamic,
test_v3,test_v3_033,target_off,Oracle_Safe_Lambda_0_EvaluationOnly,measured,0.006252311390532545,3246,75,75,519168,1e-06,dynamic,0.0
test_v3,test_v3_033,target_on,Oracle_Safe_Lambda_0_EvaluationOnly,measured,0.006325505424063117,3284,72,72,519168,1e-06,dynamic,0.0
test_v3,test_v3_034,target_off,J0_Current,measured,0.006893722263313609,3579,113,113,519168,1e-06,dynamic,
test_v3,test_v3_034,target_on,J0_Current,measured,0.006876386834319527,3570,114,114,519168,1e-06,dynamic,
test_v3,test_v3_034,target_off,J5_Selective_Physics_Calibration,measured,0.0068956484220907294,3580,113,113,519168,1e-06,dynamic,
test_v3,test_v3_034,target_on,J5_Selective_Physics_Calibration,measured,0.006882165310650888,3573,114,114,519168,1e-06,dynamic,
test_v3,test_v3_034,target_off,J6_Joint_Phase_Surface,measured,0.006893722263313609,3579,113,113,519168,1e-06,dynamic,
test_v3,test_v3_034,target_on,J6_Joint_Phase_Surface,measured,0.006876386834319527,3570,114,114,519168,1e-06,dynamic,
test_v3,test_v3_034,target_off,J7_Deterministic_Safe_Expert_Selector,measured,0.006893722263313609,3579,113,113,519168,1e-06,dynamic,
test_v3,test_v3_034,target_on,J7_Deterministic_Safe_Expert_Selector,measured,0.006876386834319527,3570,114,114,519168,1e-06,dynamic,
test_v3,test_v3_034,target_off,Oracle_Safe_Lambda_0_EvaluationOnly,measured,0.006893722263313609,3579,113,113,519168,1e-06,dynamic,0.0
test_v3,test_v3_034,target_on,Oracle_Safe_Lambda_0_EvaluationOnly,measured,0.006876386834319527,3570,114,114,519168,1e-06,dynamic,0.0
test_v3,test_v3_035,target_off,J0_Current,measured,0.012371717825443787,6423,31,31,519168,1e-06,dynamic,
test_v3,test_v3_035,target_on,J0_Current,measured,0.012400610207100591,6438,32,32,519168,1e-06,dynamic,
test_v3,test_v3_035,target_off,J5_Selective_Physics_Calibration,measured,0.012371717825443787,6423,31,31,519168,1e-06,dynamic,
test_v3,test_v3_035,target_on,J5_Selective_Physics_Calibration,measured,0.012400610207100591,6438,32,32,519168,1e-06,dynamic,
test_v3,test_v3_035,target_off,J6_Joint_Phase_Surface,measured,0.012371717825443787,6423,31,31,519168,1e-06,dynamic,
test_v3,test_v3_035,target_on,J6_Joint_Phase_Surface,measured,0.012400610207100591,6438,32,32,519168,1e-06,dynamic,
test_v3,test_v3_035,target_off,J7_Deterministic_Safe_Expert_Selector,measured,0.012371717825443787,6423,31,31,519168,1e-06,dynamic,
test_v3,test_v3_035,target_on,J7_Deterministic_Safe_Expert_Selector,measured,0.012400610207100591,6438,32,32,519168,1e-06,dynamic,
test_v3,test_v3_035,target_off,Oracle_Safe_Lambda_0_EvaluationOnly,measured,0.012371717825443787,6423,31,31,519168,1e-06,dynamic,0.0
test_v3,test_v3_035,target_on,Oracle_Safe_Lambda_0_EvaluationOnly,measured,0.012400610207100591,6438,32,32,519168,1e-06,dynamic,0.0
test_v3,test_v3_036,target_off,J0_Current,measured,0.003983296351084813,2068,25,25,519168,1e-06,dynamic,
test_v3,test_v3_036,target_on,J0_Current,measured,0.004102718195266272,2130,25,25,519168,1e-06,dynamic,
test_v3,test_v3_036,target_off,J5_Selective_Physics_Calibration,measured,0.003983296351084813,2068,25,25,519168,1e-06,dynamic,
test_v3,test_v3_036,target_on,J5_Selective_Physics_Calibration,measured,0.004102718195266272,2130,25,25,519168,1e-06,dynamic,
test_v3,test_v3_036,target_off,J6_Joint_Phase_Surface,measured,0.003983296351084813,2068,25,25,519168,1e-06,dynamic,
test_v3,test_v3_036,target_on,J6_Joint_Phase_Surface,measured,0.004102718195266272,2130,25,25,519168,1e-06,dynamic,
test_v3,test_v3_036,target_off,J7_Deterministic_Safe_Expert_Selector,measured,0.003983296351084813,2068,25,25,519168,1e-06,dynamic,
test_v3,test_v3_036,target_on,J7_Deterministic_Safe_Expert_Selector,measured,0.004102718195266272,2130,25,25,519168,1e-06,dynamic,
test_v3,test_v3_036,target_off,Oracle_Safe_Lambda_0_EvaluationOnly,measured,0.003983296351084813,2068,25,25,519168,1e-06,dynamic,0.0
test_v3,test_v3_036,target_on,Oracle_Safe_Lambda_0_EvaluationOnly,measured,0.004102718195266272,2130,25,25,519168,1e-06,dynamic,0.0
test_v3,test_v3_037,target_off,J0_Current,measured,0.01195374137080868,6206,27,27,519168,1e-06,dynamic,
test_v3,test_v3_037,target_on,J0_Current,measured,0.011915218195266272,6186,27,27,519168,1e-06,dynamic,
test_v3,test_v3_037,target_off,J5_Selective_Physics_Calibration,measured,0.01195374137080868,6206,27,27,519168,1e-06,dynamic,
test_v3,test_v3_037,target_on,J5_Selective_Physics_Calibration,measured,0.011915218195266272,6186,27,27,519168,1e-06,dynamic,
test_v3,test_v3_037,target_off,J6_Joint_Phase_Surface,measured,0.01195374137080868,6206,27,27,519168,1e-06,dynamic,
test_v3,test_v3_037,target_on,J6_Joint_Phase_Surface,measured,0.011915218195266272,6186,27,27,519168,1e-06,dynamic,
test_v3,test_v3_037,target_off,J7_Deterministic_Safe_Expert_Selector,measured,0.01195374137080868,6206,27,27,519168,1e-06,dynamic,
test_v3,test_v3_037,target_on,J7_Deterministic_Safe_Expert_Selector,measured,0.011915218195266272,6186,27,27,519168,1e-06,dynamic,
test_v3,test_v3_037,target_off,Oracle_Safe_Lambda_0_EvaluationOnly,measured,0.01195374137080868,6206,27,27,519168,1e-06,dynamic,0.0
test_v3,test_v3_037,target_on,Oracle_Safe_Lambda_0_EvaluationOnly,measured,0.011915218195266272,6186,27,27,519168,1e-06,dynamic,0.0
test_v3,test_v3_038,target_off,J0_Current,measured,0.01147605399408284,5958,36,36,519168,1e-06,dynamic,
test_v3,test_v3_038,target_on,J0_Current,measured,0.011443309294871794,5941,36,36,519168,1e-06,dynamic,
test_v3,test_v3_038,target_off,J5_Selective_Physics_Calibration,measured,0.01147412783530572,5957,36,36,519168,1e-06,dynamic,
test_v3,test_v3_038,target_on,J5_Selective_Physics_Calibration,measured,0.011431752342209073,5935,36,36,519168,1e-06,dynamic,
test_v3,test_v3_038,target_off,J6_Joint_Phase_Surface,measured,0.011395155325443787,5916,37,37,519168,1e-06,dynamic,
test_v3,test_v3_038,target_on,J6_Joint_Phase_Surface,measured,0.011362410626232741,5899,37,37,519168,1e-06,dynamic,
test_v3,test_v3_038,target_off,J7_Deterministic_Safe_Expert_Selector,measured,0.011395155325443787,5916,37,37,519168,1e-06,dynamic,
test_v3,test_v3_038,target_on,J7_Deterministic_Safe_Expert_Selector,measured,0.011362410626232741,5899,37,37,519168,1e-06,dynamic,
test_v3,test_v3_038,target_off,Oracle_Safe_Lambda_0_EvaluationOnly,measured,0.01147605399408284,5958,36,36,519168,1e-06,dynamic,0.0
test_v3,test_v3_038,target_on,Oracle_Safe_Lambda_0_EvaluationOnly,measured,0.011443309294871794,5941,36,36,519168,1e-06,dynamic,0.0
test_v3,test_v3_039,target_off,J0_Current,measured,0.009678947855029586,5025,34,34,519168,1e-06,dynamic,
test_v3,test_v3_039,target_on,J0_Current,measured,0.00970784023668639,5040,34,34,519168,1e-06,dynamic,
test_v3,test_v3_039,target_off,J5_Selective_Physics_Calibration,measured,0.009667390902366863,5019,39,39,519168,1e-06,dynamic,
test_v3,test_v3_039,target_on,J5_Selective_Physics_Calibration,measured,0.00970013560157791,5036,41,41,519168,1e-06,dynamic,
test_v3,test_v3_039,target_off,J6_Joint_Phase_Surface,measured,0.007311698717948718,3796,0,0,519168,1e-06,dynamic,
test_v3,test_v3_039,target_on,J6_Joint_Phase_Surface,measured,0.007288584812623274,3784,0,0,519168,1e-06,dynamic,
test_v3,test_v3_039,target_off,J7_Deterministic_Safe_Expert_Selector,measured,0.009678947855029586,5025,34,34,519168,1e-06,dynamic,
test_v3,test_v3_039,target_on,J7_Deterministic_Safe_Expert_Selector,measured,0.00970784023668639,5040,34,34,519168,1e-06,dynamic,
test_v3,test_v3_039,target_off,Oracle_Safe_Lambda_0_EvaluationOnly,measured,0.009678947855029586,5025,34,34,519168,1e-06,dynamic,0.0
test_v3,test_v3_039,target_on,Oracle_Safe_Lambda_0_EvaluationOnly,measured,0.00970784023668639,5040,34,34,519168,1e-06,dynamic,0.0
test_v3,test_v3_040,target_off,J0_Current,measured,0.0045438085552268245,2359,65,65,519168,1e-06,dynamic,
test_v3,test_v3_040,target_on,J0_Current,measured,0.004536103920118343,2355,60,60,519168,1e-06,dynamic,
test_v3,test_v3_040,target_off,J5_Selective_Physics_Calibration,measured,0.0045438085552268245,2359,65,65,519168,1e-06,dynamic,
test_v3,test_v3_040,target_on,J5_Selective_Physics_Calibration,measured,0.004536103920118343,2355,60,60,519168,1e-06,dynamic,
test_v3,test_v3_040,target_off,J6_Joint_Phase_Surface,measured,0.0045438085552268245,2359,65,65,519168,1e-06,dynamic,
test_v3,test_v3_040,target_on,J6_Joint_Phase_Surface,measured,0.004536103920118343,2355,60,60,519168,1e-06,dynamic,
test_v3,test_v3_040,target_off,J7_Deterministic_Safe_Expert_Selector,measured,0.0045438085552268245,2359,65,65,519168,1e-06,dynamic,
test_v3,test_v3_040,target_on,J7_Deterministic_Safe_Expert_Selector,measured,0.004536103920118343,2355,60,60,519168,1e-06,dynamic,
test_v3,test_v3_040,target_off,Oracle_Safe_Lambda_0_EvaluationOnly,measured,0.0045438085552268245,2359,65,65,519168,1e-06,dynamic,0.0
test_v3,test_v3_040,target_on,Oracle_Safe_Lambda_0_EvaluationOnly,measured,0.004536103920118343,2355,60,60,519168,1e-06,dynamic,0.0
test_v3,test_v3_041,target_off,J0_Current,measured,0.007107525887573965,3690,111,111,519168,1e-06,dynamic,
test_v3,test_v3_041,target_on,J0_Current,measured,0.007113304363905325,3693,108,108,519168,1e-06,dynamic,
test_v3,test_v3_041,target_off,J5_Selective_Physics_Calibration,measured,0.007051667283037476,3661,115,115,519168,1e-06,dynamic,
test_v3,test_v3_041,target_on,J5_Selective_Physics_Calibration,measured,0.0071460490631163704,3710,118,118,519168,1e-06,dynamic,
test_v3,test_v3_041,target_off,J6_Joint_Phase_Surface,measured,0.007122935157790927,3698,115,115,519168,1e-06,dynamic,
test_v3,test_v3_041,target_on,J6_Joint_Phase_Surface,measured,0.007196129191321499,3736,116,116,519168,1e-06,dynamic,
test_v3,test_v3_041,target_off,J7_Deterministic_Safe_Expert_Selector,measured,0.007107525887573965,3690,111,111,519168,1e-06,dynamic,
test_v3,test_v3_041,target_on,J7_Deterministic_Safe_Expert_Selector,measured,0.007113304363905325,3693,108,108,519168,1e-06,dynamic,
test_v3,test_v3_041,target_off,Oracle_Safe_Lambda_0_EvaluationOnly,measured,0.007107525887573965,3690,111,111,519168,1e-06,dynamic,0.0
test_v3,test_v3_041,target_on,Oracle_Safe_Lambda_0_EvaluationOnly,measured,0.007113304363905325,3693,108,108,519168,1e-06,dynamic,0.0
test_v3,test_v3_042,target_off,J0_Current,measured,0.008161134738658777,4237,131,131,519168,1e-06,dynamic,
test_v3,test_v3_042,target_on,J0_Current,measured,0.007947331114398421,4126,123,123,519168,1e-06,dynamic,
test_v3,test_v3_042,target_off,J5_Selective_Physics_Calibration,measured,0.008147651627218935,4230,133,133,519168,1e-06,dynamic,
test_v3,test_v3_042,target_on,J5_Selective_Physics_Calibration,measured,0.007924217209072978,4114,123,123,519168,1e-06,dynamic,
test_v3,test_v3_042,target_off,J6_Joint_Phase_Surface,measured,0.008161134738658777,4237,131,131,519168,1e-06,dynamic,
test_v3,test_v3_042,target_on,J6_Joint_Phase_Surface,measured,0.007947331114398421,4126,123,123,519168,1e-06,dynamic,
test_v3,test_v3_042,target_off,J7_Deterministic_Safe_Expert_Selector,measured,0.008161134738658777,4237,131,131,519168,1e-06,dynamic,
test_v3,test_v3_042,target_on,J7_Deterministic_Safe_Expert_Selector,measured,0.007947331114398421,4126,123,123,519168,1e-06,dynamic,
test_v3,test_v3_042,target_off,Oracle_Safe_Lambda_0_EvaluationOnly,measured,0.008161134738658777,4237,131,131,519168,1e-06,dynamic,0.0
test_v3,test_v3_042,target_on,Oracle_Safe_Lambda_0_EvaluationOnly,measured,0.007947331114398421,4126,123,123,519168,1e-06,dynamic,0.0
test_v3,test_v3_043,target_off,J0_Current,measured,0.011791944033530573,6122,19,19,519168,1e-06,dynamic,
test_v3,test_v3_043,target_on,J0_Current,measured,0.011791944033530573,6122,19,19,519168,1e-06,dynamic,
test_v3,test_v3_043,target_off,J5_Selective_Physics_Calibration,measured,0.011791944033530573,6122,19,19,519168,1e-06,dynamic,
test_v3,test_v3_043,target_on,J5_Selective_Physics_Calibration,measured,0.011791944033530573,6122,19,19,519168,1e-06,dynamic,
test_v3,test_v3_043,target_off,J6_Joint_Phase_Surface,measured,0.011791944033530573,6122,19,19,519168,1e-06,dynamic,
test_v3,test_v3_043,target_on,J6_Joint_Phase_Surface,measured,0.011791944033530573,6122,19,19,519168,1e-06,dynamic,
test_v3,test_v3_043,target_off,J7_Deterministic_Safe_Expert_Selector,measured,0.011791944033530573,6122,19,19,519168,1e-06,dynamic,
test_v3,test_v3_043,target_on,J7_Deterministic_Safe_Expert_Selector,measured,0.011791944033530573,6122,19,19,519168,1e-06,dynamic,
test_v3,test_v3_043,target_off,Oracle_Safe_Lambda_0_EvaluationOnly,measured,0.011791944033530573,6122,19,19,519168,1e-06,dynamic,0.0
test_v3,test_v3_043,target_on,Oracle_Safe_Lambda_0_EvaluationOnly,measured,0.011791944033530573,6122,19,19,519168,1e-06,dynamic,0.0
test_v3,test_v3_044,target_off,J0_Current,measured,0.004391642011834319,2280,46,46,519168,1e-06,dynamic,
test_v3,test_v3_044,target_on,J0_Current,measured,0.00518714558678501,2693,43,43,519168,1e-06,dynamic,
test_v3,test_v3_044,target_off,J5_Selective_Physics_Calibration,measured,0.004609297953648915,2393,54,54,519168,1e-06,dynamic,
test_v3,test_v3_044,target_on,J5_Selective_Physics_Calibration,measured,0.005468364768244576,2839,52,52,519168,1e-06,dynamic,
test_v3,test_v3_044,target_off,J6_Joint_Phase_Surface,measured,0.00445713141025641,2314,53,53,519168,1e-06,dynamic,
test_v3,test_v3_044,target_on,J6_Joint_Phase_Surface,measured,0.005296936637080868,2750,51,51,519168,1e-06,dynamic,
test_v3,test_v3_044,target_off,J7_Deterministic_Safe_Expert_Selector,measured,0.004391642011834319,2280,46,46,519168,1e-06,dynamic,
test_v3,test_v3_044,target_on,J7_Deterministic_Safe_Expert_Selector,measured,0.00518714558678501,2693,43,43,519168,1e-06,dynamic,
test_v3,test_v3_044,target_off,Oracle_Safe_Lambda_0_EvaluationOnly,measured,0.004391642011834319,2280,46,46,519168,1e-06,dynamic,0.0
test_v3,test_v3_044,target_on,Oracle_Safe_Lambda_0_EvaluationOnly,measured,0.00518714558678501,2693,43,43,519168,1e-06,dynamic,0.0
test_v3,test_v3_045,target_off,J0_Current,measured,0.012364013190335305,6419,19,19,519168,1e-06,dynamic,
test_v3,test_v3_045,target_on,J0_Current,measured,0.012352456237672584,6413,19,19,519168,1e-06,dynamic,
test_v3,test_v3_045,target_off,J5_Selective_Physics_Calibration,measured,0.012298523791913214,6385,12,12,519168,1e-06,dynamic,
test_v3,test_v3_045,target_on,J5_Selective_Physics_Calibration,measured,0.012292745315581855,6382,13,13,519168,1e-06,dynamic,
test_v3,test_v3_045,target_off,J6_Joint_Phase_Surface,measured,0.012338973126232741,6406,16,16,519168,1e-06,dynamic,
test_v3,test_v3_045,target_on,J6_Joint_Phase_Surface,measured,0.01233126849112426,6402,15,15,519168,1e-06,dynamic,
test_v3,test_v3_045,target_off,J7_Deterministic_Safe_Expert_Selector,measured,0.012364013190335305,6419,19,19,519168,1e-06,dynamic,
test_v3,test_v3_045,target_on,J7_Deterministic_Safe_Expert_Selector,measured,0.012352456237672584,6413,19,19,519168,1e-06,dynamic,
test_v3,test_v3_045,target_off,Oracle_Safe_Lambda_0_EvaluationOnly,measured,0.012364013190335305,6419,19,19,519168,1e-06,dynamic,0.0
test_v3,test_v3_045,target_on,Oracle_Safe_Lambda_0_EvaluationOnly,measured,0.012352456237672584,6413,19,19,519168,1e-06,dynamic,0.0
test_v3,test_v3_046,target_off,J0_Current,measured,0.011635925172583826,6041,26,26,519168,1e-06,dynamic,
test_v3,test_v3_046,target_on,J0_Current,measured,0.011591623520710059,6018,27,27,519168,1e-06,dynamic,
test_v3,test_v3_046,target_off,J5_Selective_Physics_Calibration,measured,0.011632072855029586,6039,26,26,519168,1e-06,dynamic,
test_v3,test_v3_046,target_on,J5_Selective_Physics_Calibration,measured,0.011587771203155819,6016,27,27,519168,1e-06,dynamic,
test_v3,test_v3_046,target_off,J6_Joint_Phase_Surface,measured,0.011635925172583826,6041,26,26,519168,1e-06,dynamic,
test_v3,test_v3_046,target_on,J6_Joint_Phase_Surface,measured,0.011591623520710059,6018,27,27,519168,1e-06,dynamic,
test_v3,test_v3_046,target_off,J7_Deterministic_Safe_Expert_Selector,measured,0.011635925172583826,6041,26,26,519168,1e-06,dynamic,
test_v3,test_v3_046,target_on,J7_Deterministic_Safe_Expert_Selector,measured,0.011591623520710059,6018,27,27,519168,1e-06,dynamic,
test_v3,test_v3_046,target_off,Oracle_Safe_Lambda_0_EvaluationOnly,measured,0.011635925172583826,6041,26,26,519168,1e-06,dynamic,0.0
test_v3,test_v3_046,target_on,Oracle_Safe_Lambda_0_EvaluationOnly,measured,0.011591623520710059,6018,27,27,519168,1e-06,dynamic,0.0
test_v3,test_v3_047,target_off,J0_Current,measured,0.010873166296844181,5645,27,27,519168,1e-06,dynamic,
test_v3,test_v3_047,target_on,J0_Current,measured,0.010844273915187377,5630,28,28,519168,1e-06,dynamic,
test_v3,test_v3_047,target_off,J5_Selective_Physics_Calibration,measured,0.010902058678500985,5660,28,28,519168,1e-06,dynamic,
test_v3,test_v3_047,target_on,J5_Selective_Physics_Calibration,measured,0.010873166296844181,5645,28,28,519168,1e-06,dynamic,
test_v3,test_v3_047,target_off,J6_Joint_Phase_Surface,measured,0.009740584935897436,5057,0,0,519168,1e-06,dynamic,
test_v3,test_v3_047,target_on,J6_Joint_Phase_Surface,measured,0.009865785256410256,5122,0,0,519168,1e-06,dynamic,
test_v3,test_v3_047,target_off,J7_Deterministic_Safe_Expert_Selector,measured,0.010873166296844181,5645,27,27,519168,1e-06,dynamic,
test_v3,test_v3_047,target_on,J7_Deterministic_Safe_Expert_Selector,measured,0.010844273915187377,5630,28,28,519168,1e-06,dynamic,
test_v3,test_v3_047,target_off,Oracle_Safe_Lambda_0_EvaluationOnly,measured,0.010873166296844181,5645,27,27,519168,1e-06,dynamic,0.0
test_v3,test_v3_047,target_on,Oracle_Safe_Lambda_0_EvaluationOnly,measured,0.010844273915187377,5630,28,28,519168,1e-06,dynamic,0.0
test_v3,test_v3_048,target_off,J0_Current,measured,0.004590036365877712,2383,68,68,519168,1e-06,dynamic,
test_v3,test_v3_048,target_on,J0_Current,measured,0.004784578402366864,2484,69,69,519168,1e-06,dynamic,
test_v3,test_v3_048,target_off,J5_Selective_Physics_Calibration,measured,0.004590036365877712,2383,68,68,519168,1e-06,dynamic,
test_v3,test_v3_048,target_on,J5_Selective_Physics_Calibration,measured,0.004784578402366864,2484,69,69,519168,1e-06,dynamic,
test_v3,test_v3_048,target_off,J6_Joint_Phase_Surface,measured,0.004590036365877712,2383,68,68,519168,1e-06,dynamic,
test_v3,test_v3_048,target_on,J6_Joint_Phase_Surface,measured,0.004784578402366864,2484,69,69,519168,1e-06,dynamic,
test_v3,test_v3_048,target_off,J7_Deterministic_Safe_Expert_Selector,measured,0.004590036365877712,2383,68,68,519168,1e-06,dynamic,
test_v3,test_v3_048,target_on,J7_Deterministic_Safe_Expert_Selector,measured,0.004784578402366864,2484,69,69,519168,1e-06,dynamic,
test_v3,test_v3_048,target_off,Oracle_Safe_Lambda_0_EvaluationOnly,measured,0.004590036365877712,2383,68,68,519168,1e-06,dynamic,0.0
test_v3,test_v3_048,target_on,Oracle_Safe_Lambda_0_EvaluationOnly,measured,0.004784578402366864,2484,69,69,519168,1e-06,dynamic,0.0
test_v3,test_v3_049,target_off,J0_Current,measured,0.0076468503451676524,3970,120,120,519168,1e-06,dynamic,
test_v3,test_v3_049,target_on,J0_Current,measured,0.007471569896449704,3879,105,105,519168,1e-06,dynamic,
test_v3,test_v3_049,target_off,J5_Selective_Physics_Calibration,measured,0.0078125,4056,132,132,519168,1e-06,dynamic,
test_v3,test_v3_049,target_on,J5_Selective_Physics_Calibration,measured,0.007515871548323471,3902,114,114,519168,1e-06,dynamic,
test_v3,test_v3_049,target_off,J6_Joint_Phase_Surface,measured,0.007781681459566075,4040,126,126,519168,1e-06,dynamic,
test_v3,test_v3_049,target_on,J6_Joint_Phase_Surface,measured,0.007479274531558186,3883,112,112,519168,1e-06,dynamic,
test_v3,test_v3_049,target_off,J7_Deterministic_Safe_Expert_Selector,measured,0.0076468503451676524,3970,120,120,519168,1e-06,dynamic,
test_v3,test_v3_049,target_on,J7_Deterministic_Safe_Expert_Selector,measured,0.007471569896449704,3879,105,105,519168,1e-06,dynamic,
test_v3,test_v3_049,target_off,Oracle_Safe_Lambda_0_EvaluationOnly,measured,0.0076468503451676524,3970,120,120,519168,1e-06,dynamic,0.0
test_v3,test_v3_049,target_on,Oracle_Safe_Lambda_0_EvaluationOnly,measured,0.007471569896449704,3879,105,105,519168,1e-06,dynamic,0.0
test_v3,test_v3_050,target_off,J0_Current,measured,0.007770124506903353,4034,121,121,519168,1e-06,dynamic,
test_v3,test_v3_050,target_on,J0_Current,measured,0.007642998027613412,3968,118,118,519168,1e-06,dynamic,
test_v3,test_v3_050,target_off,J5_Selective_Physics_Calibration,measured,0.007775902983234714,4037,121,121,519168,1e-06,dynamic,
test_v3,test_v3_050,target_on,J5_Selective_Physics_Calibration,measured,0.007712339743589744,4004,120,120,519168,1e-06,dynamic,
test_v3,test_v3_050,target_off,J6_Joint_Phase_Surface,measured,0.008374938362919132,4348,148,148,519168,1e-06,dynamic,
test_v3,test_v3_050,target_on,J6_Joint_Phase_Surface,measured,0.008322932075936883,4321,148,148,519168,1e-06,dynamic,
test_v3,test_v3_050,target_off,J7_Deterministic_Safe_Expert_Selector,measured,0.008374938362919132,4348,148,148,519168,1e-06,dynamic,
test_v3,test_v3_050,target_on,J7_Deterministic_Safe_Expert_Selector,measured,0.008322932075936883,4321,148,148,519168,1e-06,dynamic,
test_v3,test_v3_050,target_off,Oracle_Safe_Lambda_0_EvaluationOnly,measured,0.007770124506903353,4034,121,121,519168,1e-06,dynamic,0.0
test_v3,test_v3_050,target_on,Oracle_Safe_Lambda_0_EvaluationOnly,measured,0.007642998027613412,3968,118,118,519168,1e-06,dynamic,0.0
test_v3,test_v3_051,target_off,J0_Current,measured,0.011790017874753452,6121,15,15,519168,1e-06,dynamic,
test_v3,test_v3_051,target_on,J0_Current,measured,0.011730306952662722,6090,15,15,519168,1e-06,dynamic,
test_v3,test_v3_051,target_off,J5_Selective_Physics_Calibration,measured,0.011790017874753452,6121,15,15,519168,1e-06,dynamic,
test_v3,test_v3_051,target_on,J5_Selective_Physics_Calibration,measured,0.011730306952662722,6090,15,15,519168,1e-06,dynamic,
test_v3,test_v3_051,target_off,J6_Joint_Phase_Surface,measured,0.011790017874753452,6121,15,15,519168,1e-06,dynamic,
test_v3,test_v3_051,target_on,J6_Joint_Phase_Surface,measured,0.011730306952662722,6090,15,15,519168,1e-06,dynamic,
test_v3,test_v3_051,target_off,J7_Deterministic_Safe_Expert_Selector,measured,0.011790017874753452,6121,15,15,519168,1e-06,dynamic,
test_v3,test_v3_051,target_on,J7_Deterministic_Safe_Expert_Selector,measured,0.011730306952662722,6090,15,15,519168,1e-06,dynamic,
test_v3,test_v3_051,target_off,Oracle_Safe_Lambda_0_EvaluationOnly,measured,0.011790017874753452,6121,15,15,519168,1e-06,dynamic,0.0
test_v3,test_v3_051,target_on,Oracle_Safe_Lambda_0_EvaluationOnly,measured,0.011730306952662722,6090,15,15,519168,1e-06,dynamic,0.0
test_v3,test_v3_052,target_off,J0_Current,measured,0.004730645956607495,2456,48,48,519168,1e-06,dynamic,
test_v3,test_v3_052,target_on,J0_Current,measured,0.00610014484714004,3167,49,49,519168,1e-06,dynamic,
test_v3,test_v3_052,target_off,J5_Selective_Physics_Calibration,measured,0.005223742603550296,2712,60,60,519168,1e-06,dynamic,
test_v3,test_v3_052,target_on,J5_Selective_Physics_Calibration,measured,0.006533530571992111,3392,61,61,519168,1e-06,dynamic,
test_v3,test_v3_052,target_off,J6_Joint_Phase_Surface,measured,0.005040757519723866,2617,61,61,519168,1e-06,dynamic,
test_v3,test_v3_052,target_on,J6_Joint_Phase_Surface,measured,0.006362102440828402,3303,62,62,519168,1e-06,dynamic,
test_v3,test_v3_052,target_off,J7_Deterministic_Safe_Expert_Selector,measured,0.004730645956607495,2456,48,48,519168,1e-06,dynamic,
test_v3,test_v3_052,target_on,J7_Deterministic_Safe_Expert_Selector,measured,0.00610014484714004,3167,49,49,519168,1e-06,dynamic,
test_v3,test_v3_052,target_off,Oracle_Safe_Lambda_0_EvaluationOnly,measured,0.004730645956607495,2456,48,48,519168,1e-06,dynamic,0.0
test_v3,test_v3_052,target_on,Oracle_Safe_Lambda_0_EvaluationOnly,measured,0.00610014484714004,3167,49,49,519168,1e-06,dynamic,0.0
test_v3,test_v3_053,target_off,J0_Current,measured,0.012042344674556213,6252,16,16,519168,1e-06,dynamic,
test_v3,test_v3_053,target_on,J0_Current,measured,0.011994190705128206,6227,16,16,519168,1e-06,dynamic,
test_v3,test_v3_053,target_off,J5_Selective_Physics_Calibration,measured,0.012063532421104537,6263,21,21,519168,1e-06,dynamic,
test_v3,test_v3_053,target_on,J5_Selective_Physics_Calibration,measured,0.012032713880670612,6247,21,21,519168,1e-06,dynamic,
test_v3,test_v3_053,target_off,J6_Joint_Phase_Surface,measured,0.011984559911242603,6222,17,17,519168,1e-06,dynamic,
test_v3,test_v3_053,target_on,J6_Joint_Phase_Surface,measured,0.01195759368836292,6208,17,17,519168,1e-06,dynamic,
test_v3,test_v3_053,target_off,J7_Deterministic_Safe_Expert_Selector,measured,0.012042344674556213,6252,16,16,519168,1e-06,dynamic,
test_v3,test_v3_053,target_on,J7_Deterministic_Safe_Expert_Selector,measured,0.011994190705128206,6227,16,16,519168,1e-06,dynamic,
test_v3,test_v3_053,target_off,Oracle_Safe_Lambda_0_EvaluationOnly,measured,0.012042344674556213,6252,16,16,519168,1e-06,dynamic,0.0
test_v3,test_v3_053,target_on,Oracle_Safe_Lambda_0_EvaluationOnly,measured,0.011994190705128206,6227,16,16,519168,1e-06,dynamic,0.0
test_v3,test_v3_054,target_off,J0_Current,measured,0.011999969181459565,6230,32,32,519168,1e-06,dynamic,
test_v3,test_v3_054,target_on,J0_Current,measured,0.011982633752465483,6221,33,33,519168,1e-06,dynamic,
test_v3,test_v3_054,target_off,J5_Selective_Physics_Calibration,measured,0.012005747657790927,6233,32,32,519168,1e-06,dynamic,
test_v3,test_v3_054,target_on,J5_Selective_Physics_Calibration,measured,0.011982633752465483,6221,33,33,519168,1e-06,dynamic,
test_v3,test_v3_054,target_off,J6_Joint_Phase_Surface,measured,0.01195374137080868,6206,33,33,519168,1e-06,dynamic,
test_v3,test_v3_054,target_on,J6_Joint_Phase_Surface,measured,0.011940258259368836,6199,33,33,519168,1e-06,dynamic,
test_v3,test_v3_054,target_off,J7_Deterministic_Safe_Expert_Selector,measured,0.01195374137080868,6206,33,33,519168,1e-06,dynamic,
test_v3,test_v3_054,target_on,J7_Deterministic_Safe_Expert_Selector,measured,0.011940258259368836,6199,33,33,519168,1e-06,dynamic,
test_v3,test_v3_054,target_off,Oracle_Safe_Lambda_0_EvaluationOnly,measured,0.011999969181459565,6230,32,32,519168,1e-06,dynamic,0.0
test_v3,test_v3_054,target_on,Oracle_Safe_Lambda_0_EvaluationOnly,measured,0.011982633752465483,6221,33,33,519168,1e-06,dynamic,0.0
test_v3,test_v3_055,target_off,J0_Current,measured,0.011372041420118344,5904,30,30,519168,1e-06,dynamic,
test_v3,test_v3_055,target_on,J0_Current,measured,0.011366262943786983,5901,31,31,519168,1e-06,dynamic,
test_v3,test_v3_055,target_off,J5_Selective_Physics_Calibration,measured,0.011300773545364892,5867,31,31,519168,1e-06,dynamic,
test_v3,test_v3_055,target_on,J5_Selective_Physics_Calibration,measured,0.01128921659270217,5861,32,32,519168,1e-06,dynamic,
test_v3,test_v3_055,target_off,J6_Joint_Phase_Surface,measured,0.01128921659270217,5861,30,30,519168,1e-06,dynamic,
test_v3,test_v3_055,target_on,J6_Joint_Phase_Surface,measured,0.01129306891025641,5863,31,31,519168,1e-06,dynamic,
test_v3,test_v3_055,target_off,J7_Deterministic_Safe_Expert_Selector,measured,0.011372041420118344,5904,30,30,519168,1e-06,dynamic,
test_v3,test_v3_055,target_on,J7_Deterministic_Safe_Expert_Selector,measured,0.011366262943786983,5901,31,31,519168,1e-06,dynamic,
test_v3,test_v3_055,target_off,Oracle_Safe_Lambda_0_EvaluationOnly,measured,0.011372041420118344,5904,30,30,519168,1e-06,dynamic,0.0
test_v3,test_v3_055,target_on,Oracle_Safe_Lambda_0_EvaluationOnly,measured,0.011366262943786983,5901,31,31,519168,1e-06,dynamic,0.0
test_v3,test_v3_056,target_off,J0_Current,measured,0.00530656743096647,2755,85,85,519168,1e-06,dynamic,
test_v3,test_v3_056,target_on,J0_Current,measured,0.00543176775147929,2820,90,90,519168,1e-06,dynamic,
test_v3,test_v3_056,target_off,J5_Selective_Physics_Calibration,measured,0.00530656743096647,2755,85,85,519168,1e-06,dynamic,
test_v3,test_v3_056,target_on,J5_Selective_Physics_Calibration,measured,0.00543176775147929,2820,90,90,519168,1e-06,dynamic,
test_v3,test_v3_056,target_off,J6_Joint_Phase_Surface,measured,0.00530656743096647,2755,85,85,519168,1e-06,dynamic,
test_v3,test_v3_056,target_on,J6_Joint_Phase_Surface,measured,0.00543176775147929,2820,90,90,519168,1e-06,dynamic,
test_v3,test_v3_056,target_off,J7_Deterministic_Safe_Expert_Selector,measured,0.00530656743096647,2755,85,85,519168,1e-06,dynamic,
test_v3,test_v3_056,target_on,J7_Deterministic_Safe_Expert_Selector,measured,0.00543176775147929,2820,90,90,519168,1e-06,dynamic,
test_v3,test_v3_056,target_off,Oracle_Safe_Lambda_0_EvaluationOnly,measured,0.00530656743096647,2755,85,85,519168,1e-06,dynamic,0.0
test_v3,test_v3_056,target_on,Oracle_Safe_Lambda_0_EvaluationOnly,measured,0.00543176775147929,2820,90,90,519168,1e-06,dynamic,0.0
test_v3,test_v3_057,target_off,J0_Current,measured,0.006146372657790927,3191,82,82,519168,1e-06,dynamic,
test_v3,test_v3_057,target_on,J0_Current,measured,0.006240754437869822,3240,84,84,519168,1e-06,dynamic,
test_v3,test_v3_057,target_off,J5_Selective_Physics_Calibration,measured,0.0062465329142011835,3243,100,100,519168,1e-06,dynamic,
test_v3,test_v3_057,target_on,J5_Selective_Physics_Calibration,measured,0.006350545488165681,3297,102,102,519168,1e-06,dynamic,
test_v3,test_v3_057,target_off,J6_Joint_Phase_Surface,measured,0.0062715729783037475,3256,100,100,519168,1e-06,dynamic,
test_v3,test_v3_057,target_on,J6_Joint_Phase_Surface,measured,0.006360176282051282,3302,102,102,519168,1e-06,dynamic,
test_v3,test_v3_057,target_off,J7_Deterministic_Safe_Expert_Selector,measured,0.006146372657790927,3191,82,82,519168,1e-06,dynamic,
test_v3,test_v3_057,target_on,J7_Deterministic_Safe_Expert_Selector,measured,0.006240754437869822,3240,84,84,519168,1e-06,dynamic,
test_v3,test_v3_057,target_off,Oracle_Safe_Lambda_0_EvaluationOnly,measured,0.006146372657790927,3191,82,82,519168,1e-06,dynamic,0.0
test_v3,test_v3_057,target_on,Oracle_Safe_Lambda_0_EvaluationOnly,measured,0.006240754437869822,3240,84,84,519168,1e-06,dynamic,0.0
test_v3,test_v3_058,target_off,J0_Current,measured,0.007421489768244576,3853,126,126,519168,1e-06,dynamic,
test_v3,test_v3_058,target_on,J0_Current,measured,0.007132565951676529,3703,111,111,519168,1e-06,dynamic,
test_v3,test_v3_058,target_off,J5_Selective_Physics_Calibration,measured,0.0074234159270216964,3854,125,125,519168,1e-06,dynamic,
test_v3,test_v3_058,target_on,J5_Selective_Physics_Calibration,measured,0.007132565951676529,3703,110,110,519168,1e-06,dynamic,
test_v3,test_v3_058,target_off,J6_Joint_Phase_Surface,measured,0.00799741124260355,4152,144,144,519168,1e-06,dynamic,
test_v3,test_v3_058,target_on,J6_Joint_Phase_Surface,measured,0.007481200690335306,3884,123,123,519168,1e-06,dynamic,
test_v3,test_v3_058,target_off,J7_Deterministic_Safe_Expert_Selector,measured,0.00799741124260355,4152,144,144,519168,1e-06,dynamic,
test_v3,test_v3_058,target_on,J7_Deterministic_Safe_Expert_Selector,measured,0.007481200690335306,3884,123,123,519168,1e-06,dynamic,
test_v3,test_v3_058,target_off,Oracle_Safe_Lambda_0_EvaluationOnly,measured,0.007421489768244576,3853,126,126,519168,1e-06,dynamic,0.0
test_v3,test_v3_058,target_on,Oracle_Safe_Lambda_0_EvaluationOnly,measured,0.007132565951676529,3703,111,111,519168,1e-06,dynamic,0.0
test_v3,test_v3_059,target_off,J0_Current,measured,0.012348603920118344,6411,16,16,519168,1e-06,dynamic,
test_v3,test_v3_059,target_on,J0_Current,measured,0.011387450690335305,5912,26,26,519168,1e-06,dynamic,
test_v3,test_v3_059,target_off,J5_Selective_Physics_Calibration,measured,0.012348603920118344,6411,16,16,519168,1e-06,dynamic,
test_v3,test_v3_059,target_on,J5_Selective_Physics_Calibration,measured,0.011387450690335305,5912,26,26,519168,1e-06,dynamic,
test_v3,test_v3_059,target_off,J6_Joint_Phase_Surface,measured,0.012348603920118344,6411,16,16,519168,1e-06,dynamic,
test_v3,test_v3_059,target_on,J6_Joint_Phase_Surface,measured,0.011387450690335305,5912,26,26,519168,1e-06,dynamic,
test_v3,test_v3_059,target_off,J7_Deterministic_Safe_Expert_Selector,measured,0.012348603920118344,6411,16,16,519168,1e-06,dynamic,
test_v3,test_v3_059,target_on,J7_Deterministic_Safe_Expert_Selector,measured,0.011387450690335305,5912,26,26,519168,1e-06,dynamic,
test_v3,test_v3_059,target_off,Oracle_Safe_Lambda_0_EvaluationOnly,measured,0.012348603920118344,6411,16,16,519168,1e-06,dynamic,0.0
test_v3,test_v3_059,target_on,Oracle_Safe_Lambda_0_EvaluationOnly,measured,0.011387450690335305,5912,26,26,519168,1e-06,dynamic,0.0
test_v3,test_v3_060,target_off,J0_Current,measured,0.004225992357001973,2194,36,36,519168,1e-06,dynamic,
test_v3,test_v3_060,target_on,J0_Current,measured,0.004439795981262327,2305,35,35,519168,1e-06,dynamic,
test_v3,test_v3_060,target_off,J5_Selective_Physics_Calibration,measured,0.004225992357001973,2194,36,36,519168,1e-06,dynamic,
test_v3,test_v3_060,target_on,J5_Selective_Physics_Calibration,measured,0.004439795981262327,2305,35,35,519168,1e-06,dynamic,
test_v3,test_v3_060,target_off,J6_Joint_Phase_Surface,measured,0.004225992357001973,2194,36,36,519168,1e-06,dynamic,
test_v3,test_v3_060,target_on,J6_Joint_Phase_Surface,measured,0.004439795981262327,2305,35,35,519168,1e-06,dynamic,
test_v3,test_v3_060,target_off,J7_Deterministic_Safe_Expert_Selector,measured,0.004225992357001973,2194,36,36,519168,1e-06,dynamic,
test_v3,test_v3_060,target_on,J7_Deterministic_Safe_Expert_Selector,measured,0.004439795981262327,2305,35,35,519168,1e-06,dynamic,
test_v3,test_v3_060,target_off,Oracle_Safe_Lambda_0_EvaluationOnly,measured,0.004225992357001973,2194,36,36,519168,1e-06,dynamic,0.0
test_v3,test_v3_060,target_on,Oracle_Safe_Lambda_0_EvaluationOnly,measured,0.004439795981262327,2305,35,35,519168,1e-06,dynamic,0.0
test_v3,test_v3_061,target_off,J0_Current,measured,0.013475406804733728,6996,33,33,519168,1e-06,dynamic,
test_v3,test_v3_061,target_on,J0_Current,measured,0.013498520710059171,7008,32,32,519168,1e-06,dynamic,
test_v3,test_v3_061,target_off,J5_Selective_Physics_Calibration,measured,0.013594828648915187,7058,35,35,519168,1e-06,dynamic,
test_v3,test_v3_061,target_on,J5_Selective_Physics_Calibration,measured,0.013619868713017751,7071,36,36,519168,1e-06,dynamic,
test_v3,test_v3_061,target_off,J6_Joint_Phase_Surface,measured,0.01355437931459566,7037,33,33,519168,1e-06,dynamic,
test_v3,test_v3_061,target_on,J6_Joint_Phase_Surface,measured,0.013585197855029586,7053,33,33,519168,1e-06,dynamic,
test_v3,test_v3_061,target_off,J7_Deterministic_Safe_Expert_Selector,measured,0.013475406804733728,6996,33,33,519168,1e-06,dynamic,
test_v3,test_v3_061,target_on,J7_Deterministic_Safe_Expert_Selector,measured,0.013498520710059171,7008,32,32,519168,1e-06,dynamic,
test_v3,test_v3_061,target_off,Oracle_Safe_Lambda_0_EvaluationOnly,measured,0.013475406804733728,6996,33,33,519168,1e-06,dynamic,0.0
test_v3,test_v3_061,target_on,Oracle_Safe_Lambda_0_EvaluationOnly,measured,0.013498520710059171,7008,32,32,519168,1e-06,dynamic,0.0
test_v3,test_v3_062,target_off,J0_Current,measured,0.011202539447731755,5816,42,42,519168,1e-06,dynamic,
test_v3,test_v3_062,target_on,J0_Current,measured,0.011131271572978304,5779,43,43,519168,1e-06,dynamic,
test_v3,test_v3_062,target_off,J5_Selective_Physics_Calibration,measured,0.011189056336291914,5809,42,42,519168,1e-06,dynamic,
test_v3,test_v3_062,target_on,J5_Selective_Physics_Calibration,measured,0.011127419255424063,5777,43,43,519168,1e-06,dynamic,
test_v3,test_v3_062,target_off,J6_Joint_Phase_Surface,measured,0.011065782174556213,5745,36,36,519168,1e-06,dynamic,
test_v3,test_v3_062,target_on,J6_Joint_Phase_Surface,measured,0.011036889792899409,5730,37,37,519168,1e-06,dynamic,
test_v3,test_v3_062,target_off,J7_Deterministic_Safe_Expert_Selector,measured,0.011065782174556213,5745,36,36,519168,1e-06,dynamic,
test_v3,test_v3_062,target_on,J7_Deterministic_Safe_Expert_Selector,measured,0.011036889792899409,5730,37,37,519168,1e-06,dynamic,
test_v3,test_v3_062,target_off,Oracle_Safe_Lambda_0_EvaluationOnly,measured,0.011202539447731755,5816,42,42,519168,1e-06,dynamic,0.0
test_v3,test_v3_062,target_on,Oracle_Safe_Lambda_0_EvaluationOnly,measured,0.011131271572978304,5779,43,43,519168,1e-06,dynamic,0.0
test_v3,test_v3_063,target_off,J0_Current,measured,0.010139299802761341,5264,31,31,519168,1e-06,dynamic,
test_v3,test_v3_063,target_on,J0_Current,measured,0.010162413708086786,5276,28,28,519168,1e-06,dynamic,
test_v3,test_v3_063,target_off,J5_Selective_Physics_Calibration,measured,0.010139299802761341,5264,31,31,519168,1e-06,dynamic,
test_v3,test_v3_063,target_on,J5_Selective_Physics_Calibration,measured,0.010162413708086786,5276,28,28,519168,1e-06,dynamic,
test_v3,test_v3_063,target_off,J6_Joint_Phase_Surface,measured,0.010139299802761341,5264,31,31,519168,1e-06,dynamic,
test_v3,test_v3_063,target_on,J6_Joint_Phase_Surface,measured,0.010162413708086786,5276,28,28,519168,1e-06,dynamic,
test_v3,test_v3_063,target_off,J7_Deterministic_Safe_Expert_Selector,measured,0.010139299802761341,5264,31,31,519168,1e-06,dynamic,
test_v3,test_v3_063,target_on,J7_Deterministic_Safe_Expert_Selector,measured,0.010162413708086786,5276,28,28,519168,1e-06,dynamic,
test_v3,test_v3_063,target_off,Oracle_Safe_Lambda_0_EvaluationOnly,measured,0.010139299802761341,5264,31,31,519168,1e-06,dynamic,0.0
test_v3,test_v3_063,target_on,Oracle_Safe_Lambda_0_EvaluationOnly,measured,0.010162413708086786,5276,28,28,519168,1e-06,dynamic,0.0
