split,scene_id,role,method,status,pfa,hit_cells,false_clusters,selected,valid_cfar_test_cells,configured_pf,cfar_mode
target_transfer,target_transfer_000,target_off,J0_Current,measured,0.007379114275147929,3831,50,50,519168,1e-06,dynamic
target_transfer,target_transfer_000,target_on,J0_Current,measured,0.007458086785009862,3872,50,50,519168,1e-06,dynamic
target_transfer,target_transfer_000,target_off,J5_Selective_Physics_Calibration,measured,0.007535133136094675,3912,51,51,519168,1e-06,dynamic
target_transfer,target_transfer_000,target_on,J5_Selective_Physics_Calibration,measured,0.007525502342209073,3907,51,51,519168,1e-06,dynamic
target_transfer,target_transfer_000,target_off,J6_Joint_Phase_Surface,measured,0.0075486162475345165,3919,51,51,519168,1e-06,dynamic
target_transfer,target_transfer_000,target_on,J6_Joint_Phase_Surface,measured,0.007552468565088758,3921,51,51,519168,1e-06,dynamic
target_transfer,target_transfer_001,target_off,J0_Current,measured,0.010343472633136095,5370,65,65,519168,1e-06,dynamic
target_transfer,target_transfer_001,target_on,J0_Current,measured,0.010328063362919132,5362,65,65,519168,1e-06,dynamic
target_transfer,target_transfer_001,target_off,J5_Selective_Physics_Calibration,measured,0.010351177268244575,5374,66,66,519168,1e-06,dynamic
target_transfer,target_transfer_001,target_on,J5_Selective_Physics_Calibration,measured,0.010335767998027613,5366,66,66,519168,1e-06,dynamic
target_transfer,target_transfer_001,target_off,J6_Joint_Phase_Surface,measured,0.010358881903353058,5378,65,65,519168,1e-06,dynamic
target_transfer,target_transfer_001,target_on,J6_Joint_Phase_Surface,measured,0.010341546474358974,5369,65,65,519168,1e-06,dynamic
target_transfer,target_transfer_002,target_off,J0_Current,measured,0.003921659270216963,2036,0,0,519168,1e-06,dynamic
target_transfer,target_transfer_002,target_on,J0_Current,measured,0.004060342702169625,2108,0,0,519168,1e-06,dynamic
target_transfer,target_transfer_002,target_off,J5_Selective_Physics_Calibration,measured,0.003921659270216963,2036,0,0,519168,1e-06,dynamic
target_transfer,target_transfer_002,target_on,J5_Selective_Physics_Calibration,measured,0.004060342702169625,2108,0,0,519168,1e-06,dynamic
target_transfer,target_transfer_002,target_off,J6_Joint_Phase_Surface,measured,0.003921659270216963,2036,0,0,519168,1e-06,dynamic
target_transfer,target_transfer_002,target_on,J6_Joint_Phase_Surface,measured,0.004060342702169625,2108,0,0,519168,1e-06,dynamic
target_transfer,target_transfer_003,target_off,J0_Current,measured,0.010424371301775148,5412,34,34,519168,1e-06,dynamic
target_transfer,target_transfer_003,target_on,J0_Current,measured,0.010445559048323472,5423,34,34,519168,1e-06,dynamic
target_transfer,target_transfer_003,target_off,J5_Selective_Physics_Calibration,measured,0.010424371301775148,5412,34,34,519168,1e-06,dynamic
target_transfer,target_transfer_003,target_on,J5_Selective_Physics_Calibration,measured,0.010445559048323472,5423,34,34,519168,1e-06,dynamic
target_transfer,target_transfer_003,target_off,J6_Joint_Phase_Surface,measured,0.010424371301775148,5412,34,34,519168,1e-06,dynamic
target_transfer,target_transfer_003,target_on,J6_Joint_Phase_Surface,measured,0.010445559048323472,5423,34,34,519168,1e-06,dynamic
target_transfer,target_transfer_004,target_off,J0_Current,measured,0.008600298939842209,4465,11,11,519168,1e-06,dynamic
target_transfer,target_transfer_004,target_on,J0_Current,measured,0.008617634368836292,4474,12,12,519168,1e-06,dynamic
target_transfer,target_transfer_004,target_off,J5_Selective_Physics_Calibration,measured,0.00860607741617357,4468,11,11,519168,1e-06,dynamic
target_transfer,target_transfer_004,target_on,J5_Selective_Physics_Calibration,measured,0.008623412845167653,4477,12,12,519168,1e-06,dynamic
target_transfer,target_transfer_004,target_off,J6_Joint_Phase_Surface,measured,0.008710089990138068,4522,11,11,519168,1e-06,dynamic
target_transfer,target_transfer_004,target_on,J6_Joint_Phase_Surface,measured,0.00871972078402367,4527,12,12,519168,1e-06,dynamic
target_transfer,target_transfer_005,target_off,J0_Current,measured,0.008034008259368836,4171,19,19,519168,1e-06,dynamic
target_transfer,target_transfer_005,target_on,J0_Current,measured,0.008012820512820512,4160,19,19,519168,1e-06,dynamic
target_transfer,target_transfer_005,target_off,J5_Selective_Physics_Calibration,measured,0.008122611563116371,4217,22,22,519168,1e-06,dynamic
target_transfer,target_transfer_005,target_on,J5_Selective_Physics_Calibration,measured,0.008236254930966469,4276,22,22,519168,1e-06,dynamic
target_transfer,target_transfer_005,target_off,J6_Joint_Phase_Surface,measured,0.008074457593688363,4192,19,19,519168,1e-06,dynamic
target_transfer,target_transfer_005,target_on,J6_Joint_Phase_Surface,measured,0.008089866863905325,4200,19,19,519168,1e-06,dynamic
target_transfer,target_transfer_006,target_off,J0_Current,measured,0.010227903106508876,5310,57,57,519168,1e-06,dynamic
target_transfer,target_transfer_006,target_on,J0_Current,measured,0.010204789201183432,5298,57,57,519168,1e-06,dynamic
target_transfer,target_transfer_006,target_off,J5_Selective_Physics_Calibration,measured,0.010227903106508876,5310,57,57,519168,1e-06,dynamic
target_transfer,target_transfer_006,target_on,J5_Selective_Physics_Calibration,measured,0.010204789201183432,5298,57,57,519168,1e-06,dynamic
target_transfer,target_transfer_006,target_off,J6_Joint_Phase_Surface,measured,0.010227903106508876,5310,57,57,519168,1e-06,dynamic
target_transfer,target_transfer_006,target_on,J6_Joint_Phase_Surface,measured,0.010204789201183432,5298,57,57,519168,1e-06,dynamic
target_transfer,target_transfer_007,target_off,J0_Current,measured,0.0036828155818540436,1912,0,0,519168,1e-06,dynamic
target_transfer,target_transfer_007,target_on,J0_Current,measured,0.0038869884122287967,2018,2,2,519168,1e-06,dynamic
target_transfer,target_transfer_007,target_off,J5_Selective_Physics_Calibration,measured,0.0036847417406311637,1913,2,2,519168,1e-06,dynamic
target_transfer,target_transfer_007,target_on,J5_Selective_Physics_Calibration,measured,0.003871579142011834,2010,3,3,519168,1e-06,dynamic
target_transfer,target_transfer_007,target_off,J6_Joint_Phase_Surface,measured,0.0039698132396449705,2061,10,10,519168,1e-06,dynamic
target_transfer,target_transfer_007,target_on,J6_Joint_Phase_Surface,measured,0.004104644354043393,2131,11,11,519168,1e-06,dynamic
target_transfer,target_transfer_008,target_off,J0_Current,measured,0.01073448286489152,5573,53,53,519168,1e-06,dynamic
target_transfer,target_transfer_008,target_on,J0_Current,measured,0.010701738165680473,5556,53,53,519168,1e-06,dynamic
target_transfer,target_transfer_008,target_off,J5_Selective_Physics_Calibration,measured,0.010603504068047337,5505,64,64,519168,1e-06,dynamic
target_transfer,target_transfer_008,target_on,J5_Selective_Physics_Calibration,measured,0.010580390162721894,5493,64,64,519168,1e-06,dynamic
target_transfer,target_transfer_008,target_off,J6_Joint_Phase_Surface,measured,0.010597725591715977,5502,64,64,519168,1e-06,dynamic
target_transfer,target_transfer_008,target_on,J6_Joint_Phase_Surface,measured,0.010593873274161735,5500,64,64,519168,1e-06,dynamic
target_transfer,target_transfer_009,target_off,J0_Current,measured,0.008478950936883629,4402,20,20,519168,1e-06,dynamic
target_transfer,target_transfer_009,target_on,J0_Current,measured,0.008461615507889547,4393,20,20,519168,1e-06,dynamic
target_transfer,target_transfer_009,target_off,J5_Selective_Physics_Calibration,measured,0.008638822115384616,4485,27,27,519168,1e-06,dynamic
target_transfer,target_transfer_009,target_on,J5_Selective_Physics_Calibration,measured,0.008579111193293885,4454,27,27,519168,1e-06,dynamic
target_transfer,target_transfer_009,target_off,J6_Joint_Phase_Surface,measured,0.008567554240631164,4448,26,26,519168,1e-06,dynamic
target_transfer,target_transfer_009,target_on,J6_Joint_Phase_Surface,measured,0.008509769477317554,4418,26,26,519168,1e-06,dynamic
target_transfer,target_transfer_010,target_off,J0_Current,measured,0.008128390039447733,4220,23,23,519168,1e-06,dynamic
target_transfer,target_transfer_010,target_on,J0_Current,measured,0.008134168515779092,4223,23,23,519168,1e-06,dynamic
target_transfer,target_transfer_010,target_off,J5_Selective_Physics_Calibration,measured,0.008128390039447733,4220,23,23,519168,1e-06,dynamic
target_transfer,target_transfer_010,target_on,J5_Selective_Physics_Calibration,measured,0.008132242357001973,4222,23,23,519168,1e-06,dynamic
target_transfer,target_transfer_010,target_off,J6_Joint_Phase_Surface,measured,0.007983928131163708,4145,23,23,519168,1e-06,dynamic
target_transfer,target_transfer_010,target_on,J6_Joint_Phase_Surface,measured,0.007985854289940829,4146,23,23,519168,1e-06,dynamic
target_transfer,target_transfer_011,target_off,J0_Current,measured,0.01068055041913215,5545,18,18,519168,1e-06,dynamic
target_transfer,target_transfer_011,target_on,J0_Current,measured,0.010690181213017751,5550,17,17,519168,1e-06,dynamic
target_transfer,target_transfer_011,target_off,J5_Selective_Physics_Calibration,measured,0.01068055041913215,5545,18,18,519168,1e-06,dynamic
target_transfer,target_transfer_011,target_on,J5_Selective_Physics_Calibration,measured,0.010690181213017751,5550,17,17,519168,1e-06,dynamic
target_transfer,target_transfer_011,target_off,J6_Joint_Phase_Surface,measured,0.01068055041913215,5545,18,18,519168,1e-06,dynamic
target_transfer,target_transfer_011,target_on,J6_Joint_Phase_Surface,measured,0.010690181213017751,5550,17,17,519168,1e-06,dynamic
target_transfer,target_transfer_012,target_off,J0_Current,measured,0.004443648298816568,2307,0,0,519168,1e-06,dynamic
target_transfer,target_transfer_012,target_on,J0_Current,measured,0.004476392998027614,2324,1,1,519168,1e-06,dynamic
target_transfer,target_transfer_012,target_off,J5_Selective_Physics_Calibration,measured,0.004382011217948718,2275,4,4,519168,1e-06,dynamic
target_transfer,target_transfer_012,target_on,J5_Selective_Physics_Calibration,measured,0.004414755917159763,2292,4,4,519168,1e-06,dynamic
target_transfer,target_transfer_012,target_off,J6_Joint_Phase_Surface,measured,0.004378158900394477,2273,4,4,519168,1e-06,dynamic
target_transfer,target_transfer_012,target_on,J6_Joint_Phase_Surface,measured,0.004403198964497042,2286,4,4,519168,1e-06,dynamic
target_transfer,target_transfer_013,target_off,J0_Current,measured,0.01062469181459566,5516,64,64,519168,1e-06,dynamic
target_transfer,target_transfer_013,target_on,J0_Current,measured,0.010647805719921105,5528,65,65,519168,1e-06,dynamic
target_transfer,target_transfer_013,target_off,J5_Selective_Physics_Calibration,measured,0.010636248767258383,5522,64,64,519168,1e-06,dynamic
target_transfer,target_transfer_013,target_on,J5_Selective_Physics_Calibration,measured,0.010649731878698224,5529,65,65,519168,1e-06,dynamic
target_transfer,target_transfer_013,target_off,J6_Joint_Phase_Surface,measured,0.010595799432938856,5501,67,67,519168,1e-06,dynamic
target_transfer,target_transfer_013,target_on,J6_Joint_Phase_Surface,measured,0.01061698717948718,5512,68,68,519168,1e-06,dynamic
target_transfer,target_transfer_014,target_off,J0_Current,measured,0.007288584812623274,3784,18,18,519168,1e-06,dynamic
target_transfer,target_transfer_014,target_on,J0_Current,measured,0.007286658653846154,3783,18,18,519168,1e-06,dynamic
target_transfer,target_transfer_014,target_off,J5_Selective_Physics_Calibration,measured,0.007288584812623274,3784,18,18,519168,1e-06,dynamic
target_transfer,target_transfer_014,target_on,J5_Selective_Physics_Calibration,measured,0.007286658653846154,3783,18,18,519168,1e-06,dynamic
target_transfer,target_transfer_014,target_off,J6_Joint_Phase_Surface,measured,0.007288584812623274,3784,18,18,519168,1e-06,dynamic
target_transfer,target_transfer_014,target_on,J6_Joint_Phase_Surface,measured,0.007286658653846154,3783,18,18,519168,1e-06,dynamic
target_transfer,target_transfer_015,target_off,J0_Current,measured,0.007554394723865878,3922,12,12,519168,1e-06,dynamic
target_transfer,target_transfer_015,target_on,J0_Current,measured,0.007556320882642998,3923,12,12,519168,1e-06,dynamic
target_transfer,target_transfer_015,target_off,J5_Selective_Physics_Calibration,measured,0.007554394723865878,3922,12,12,519168,1e-06,dynamic
target_transfer,target_transfer_015,target_on,J5_Selective_Physics_Calibration,measured,0.007556320882642998,3923,12,12,519168,1e-06,dynamic
target_transfer,target_transfer_015,target_off,J6_Joint_Phase_Surface,measured,0.007554394723865878,3922,12,12,519168,1e-06,dynamic
target_transfer,target_transfer_015,target_on,J6_Joint_Phase_Surface,measured,0.007556320882642998,3923,12,12,519168,1e-06,dynamic
target_transfer,target_transfer_016,target_off,J0_Current,measured,0.011969150641025642,6214,24,24,519168,1e-06,dynamic
target_transfer,target_transfer_016,target_on,J0_Current,measured,0.011949889053254437,6204,24,24,519168,1e-06,dynamic
target_transfer,target_transfer_016,target_off,J5_Selective_Physics_Calibration,measured,0.01196144600591716,6210,24,24,519168,1e-06,dynamic
target_transfer,target_transfer_016,target_on,J5_Selective_Physics_Calibration,measured,0.011949889053254437,6204,24,24,519168,1e-06,dynamic
target_transfer,target_transfer_016,target_off,J6_Joint_Phase_Surface,measured,0.012003821499013807,6232,28,28,519168,1e-06,dynamic
target_transfer,target_transfer_016,target_on,J6_Joint_Phase_Surface,measured,0.011988412228796845,6224,28,28,519168,1e-06,dynamic
target_transfer,target_transfer_017,target_off,J0_Current,measured,0.005291158160749507,2747,3,3,519168,1e-06,dynamic
target_transfer,target_transfer_017,target_on,J0_Current,measured,0.005449103180473373,2829,4,4,519168,1e-06,dynamic
target_transfer,target_transfer_017,target_off,J5_Selective_Physics_Calibration,measured,0.005291158160749507,2747,3,3,519168,1e-06,dynamic
target_transfer,target_transfer_017,target_on,J5_Selective_Physics_Calibration,measured,0.005449103180473373,2829,4,4,519168,1e-06,dynamic
target_transfer,target_transfer_017,target_off,J6_Joint_Phase_Surface,measured,0.005291158160749507,2747,3,3,519168,1e-06,dynamic
target_transfer,target_transfer_017,target_on,J6_Joint_Phase_Surface,measured,0.005449103180473373,2829,4,4,519168,1e-06,dynamic
target_transfer,target_transfer_018,target_off,J0_Current,measured,0.0106285441321499,5518,60,60,519168,1e-06,dynamic
target_transfer,target_transfer_018,target_on,J0_Current,measured,0.010647805719921105,5528,60,60,519168,1e-06,dynamic
target_transfer,target_transfer_018,target_off,J5_Selective_Physics_Calibration,measured,0.010692107371794872,5551,99,99,519168,1e-06,dynamic
target_transfer,target_transfer_018,target_on,J5_Selective_Physics_Calibration,measured,0.01068632889546351,5548,99,99,519168,1e-06,dynamic
target_transfer,target_transfer_018,target_off,J6_Joint_Phase_Surface,measured,0.010703664324457594,5557,100,100,519168,1e-06,dynamic
target_transfer,target_transfer_018,target_on,J6_Joint_Phase_Surface,measured,0.01068440273668639,5547,99,99,519168,1e-06,dynamic
target_transfer,target_transfer_019,target_off,J0_Current,measured,0.007336738782051282,3809,29,29,519168,1e-06,dynamic
target_transfer,target_transfer_019,target_on,J0_Current,measured,0.007373335798816568,3828,29,29,519168,1e-06,dynamic
target_transfer,target_transfer_019,target_off,J5_Selective_Physics_Calibration,measured,0.007342517258382643,3812,31,31,519168,1e-06,dynamic
target_transfer,target_transfer_019,target_on,J5_Selective_Physics_Calibration,measured,0.007494683801775148,3891,33,33,519168,1e-06,dynamic
target_transfer,target_transfer_019,target_off,J6_Joint_Phase_Surface,measured,0.007242357001972386,3760,63,63,519168,1e-06,dynamic
target_transfer,target_transfer_019,target_on,J6_Joint_Phase_Surface,measured,0.0072982156065088755,3789,65,65,519168,1e-06,dynamic
target_transfer,target_transfer_020,target_off,J0_Current,measured,0.006868682199211045,3566,43,43,519168,1e-06,dynamic
target_transfer,target_transfer_020,target_on,J0_Current,measured,0.006870608357988165,3567,44,44,519168,1e-06,dynamic
target_transfer,target_transfer_020,target_off,J5_Selective_Physics_Calibration,measured,0.006912983851084813,3589,42,42,519168,1e-06,dynamic
target_transfer,target_transfer_020,target_on,J5_Selective_Physics_Calibration,measured,0.006928393121301775,3597,43,43,519168,1e-06,dynamic
target_transfer,target_transfer_020,target_off,J6_Joint_Phase_Surface,measured,0.006820528229783037,3541,44,44,519168,1e-06,dynamic
target_transfer,target_transfer_020,target_on,J6_Joint_Phase_Surface,measured,0.0068224543885601575,3542,45,45,519168,1e-06,dynamic
target_transfer,target_transfer_021,target_off,J0_Current,measured,0.0115954758382643,6020,32,32,519168,1e-06,dynamic
target_transfer,target_transfer_021,target_on,J0_Current,measured,0.011578140409270217,6011,33,33,519168,1e-06,dynamic
target_transfer,target_transfer_021,target_off,J5_Selective_Physics_Calibration,measured,0.0115954758382643,6020,32,32,519168,1e-06,dynamic
target_transfer,target_transfer_021,target_on,J5_Selective_Physics_Calibration,measured,0.011578140409270217,6011,33,33,519168,1e-06,dynamic
target_transfer,target_transfer_021,target_off,J6_Joint_Phase_Surface,measured,0.0115954758382643,6020,32,32,519168,1e-06,dynamic
target_transfer,target_transfer_021,target_on,J6_Joint_Phase_Surface,measured,0.011578140409270217,6011,33,33,519168,1e-06,dynamic
target_transfer,target_transfer_022,target_off,J0_Current,measured,0.004799987672583827,2492,3,3,519168,1e-06,dynamic
target_transfer,target_transfer_022,target_on,J0_Current,measured,0.004836584689349112,2511,4,4,519168,1e-06,dynamic
target_transfer,target_transfer_022,target_off,J5_Selective_Physics_Calibration,measured,0.0047942091962524655,2489,4,4,519168,1e-06,dynamic
target_transfer,target_transfer_022,target_on,J5_Selective_Physics_Calibration,measured,0.004817323101577909,2501,5,5,519168,1e-06,dynamic
target_transfer,target_transfer_022,target_off,J6_Joint_Phase_Surface,measured,0.004811544625246548,2498,11,11,519168,1e-06,dynamic
target_transfer,target_transfer_022,target_on,J6_Joint_Phase_Surface,measured,0.004875107864891519,2531,12,12,519168,1e-06,dynamic
target_transfer,target_transfer_023,target_off,J0_Current,measured,0.011013775887573964,5718,22,22,519168,1e-06,dynamic
target_transfer,target_transfer_023,target_on,J0_Current,measured,0.010994514299802761,5708,24,24,519168,1e-06,dynamic
target_transfer,target_transfer_023,target_off,J5_Selective_Physics_Calibration,measured,0.011013775887573964,5718,22,22,519168,1e-06,dynamic
target_transfer,target_transfer_023,target_on,J5_Selective_Physics_Calibration,measured,0.010994514299802761,5708,24,24,519168,1e-06,dynamic
target_transfer,target_transfer_023,target_off,J6_Joint_Phase_Surface,measured,0.011013775887573964,5718,22,22,519168,1e-06,dynamic
target_transfer,target_transfer_023,target_on,J6_Joint_Phase_Surface,measured,0.010994514299802761,5708,24,24,519168,1e-06,dynamic
