split,scene_id,actual_mechanism,role,method,current_cancellation_db,deterministic_cancellation_db,oracle_cancellation_db,recoverable_headroom_db,deterministic_gain_db,remaining_gap_db,recovery_ratio
validation,validation_001,M1,target_off,J1_D3_delay_only,13.2278704546054,13.2278704546054,17.2185445148601,3.9906740602546993,0.0,3.9906740602546993,0.0
validation,validation_001,M1,target_off,J2_P1_phase_only,13.2278704546054,13.2278704546054,17.2185445148601,3.9906740602546993,0.0,3.9906740602546993,0.0
validation,validation_001,M1,target_off,J3_D3_P1_joint,13.2278704546054,13.2278704546054,17.2185445148601,3.9906740602546993,0.0,3.9906740602546993,0.0
validation,validation_001,M1,target_off,J4_D3_P2_joint,13.2278704546054,13.2278704546054,17.2185445148601,3.9906740602546993,0.0,3.9906740602546993,0.0
validation,validation_001,M1,target_on,J1_D3_delay_only,13.2196998169938,13.2196998169938,17.2157862513852,3.996086434391401,0.0,3.996086434391401,0.0
validation,validation_001,M1,target_on,J2_P1_phase_only,13.2196998169938,13.2196998169938,17.2157862513852,3.996086434391401,0.0,3.996086434391401,0.0
validation,validation_001,M1,target_on,J3_D3_P1_joint,13.2196998169938,13.2196998169938,17.2157862513852,3.996086434391401,0.0,3.996086434391401,0.0
validation,validation_001,M1,target_on,J4_D3_P2_joint,13.2196998169938,13.2196998169938,17.2157862513852,3.996086434391401,0.0,3.996086434391401,0.0
validation,validation_002,M2,target_off,J1_D3_delay_only,23.0723987493862,23.0723987493862,23.7209252784471,0.6485265290609021,0.0,0.6485265290609021,0.0
validation,validation_002,M2,target_off,J2_P1_phase_only,23.0723987493862,23.0897016537313,23.7209252784471,0.6485265290609021,0.017302904345100956,0.6312236247158012,0.026680333910405175
validation,validation_002,M2,target_off,J3_D3_P1_joint,23.0723987493862,23.0897016537313,23.7209252784471,0.6485265290609021,0.017302904345100956,0.6312236247158012,0.026680333910405175
validation,validation_002,M2,target_off,J4_D3_P2_joint,23.0723987493862,23.0895646490799,23.7209252784471,0.6485265290609021,0.017165899693701192,0.6313606293672009,0.02646907863361927
validation,validation_002,M2,target_on,J1_D3_delay_only,23.0723598982814,23.0723598982814,23.7208495471263,0.6484896488448975,0.0,0.6484896488448975,0.0
validation,validation_002,M2,target_on,J2_P1_phase_only,23.0723598982814,23.0896609732546,23.7208495471263,0.6484896488448975,0.017301074973197217,0.6311885738717002,0.02667903027290294
validation,validation_002,M2,target_on,J3_D3_P1_joint,23.0723598982814,23.0896609732546,23.7208495471263,0.6484896488448975,0.017301074973197217,0.6311885738717002,0.02667903027290294
validation,validation_002,M2,target_on,J4_D3_P2_joint,23.0723598982814,23.0895245950969,23.7208495471263,0.6484896488448975,0.017164696815498814,0.6313249520293986,0.026468729063097475
validation,validation_005,M1,target_off,J1_D3_delay_only,24.3005407065936,24.3005407065936,24.4875931502713,0.18705244367770035,0.0,0.18705244367770035,0.0
validation,validation_005,M1,target_off,J2_P1_phase_only,24.3005407065936,24.3005407065936,24.4875931502713,0.18705244367770035,0.0,0.18705244367770035,0.0
validation,validation_005,M1,target_off,J3_D3_P1_joint,24.3005407065936,24.3005407065936,24.4875931502713,0.18705244367770035,0.0,0.18705244367770035,0.0
validation,validation_005,M1,target_off,J4_D3_P2_joint,24.3005407065936,24.3005407065936,24.4875931502713,0.18705244367770035,0.0,0.18705244367770035,0.0
validation,validation_005,M1,target_on,J1_D3_delay_only,24.299969726757,24.299969726757,24.4867888751948,0.18681914843780234,0.0,0.18681914843780234,0.0
validation,validation_005,M1,target_on,J2_P1_phase_only,24.299969726757,24.299969726757,24.4867888751948,0.18681914843780234,0.0,0.18681914843780234,0.0
validation,validation_005,M1,target_on,J3_D3_P1_joint,24.299969726757,24.299969726757,24.4867888751948,0.18681914843780234,0.0,0.18681914843780234,0.0
validation,validation_005,M1,target_on,J4_D3_P2_joint,24.299969726757,24.299969726757,24.4867888751948,0.18681914843780234,0.0,0.18681914843780234,0.0
validation,validation_006,M2,target_off,J1_D3_delay_only,16.0494268662189,16.0494268662189,18.5120356387601,2.4626087725411985,0.0,2.4626087725411985,0.0
validation,validation_006,M2,target_off,J2_P1_phase_only,16.0494268662189,16.0494268662189,18.5120356387601,2.4626087725411985,0.0,2.4626087725411985,0.0
validation,validation_006,M2,target_off,J3_D3_P1_joint,16.0494268662189,16.0494268662189,18.5120356387601,2.4626087725411985,0.0,2.4626087725411985,0.0
validation,validation_006,M2,target_off,J4_D3_P2_joint,16.0494268662189,16.0494268662189,18.5120356387601,2.4626087725411985,0.0,2.4626087725411985,0.0
validation,validation_006,M2,target_on,J1_D3_delay_only,16.0494816636521,16.0494816636521,18.512173108118,2.4626914444659,0.0,2.4626914444659,0.0
validation,validation_006,M2,target_on,J2_P1_phase_only,16.0494816636521,16.0494816636521,18.512173108118,2.4626914444659,0.0,2.4626914444659,0.0
validation,validation_006,M2,target_on,J3_D3_P1_joint,16.0494816636521,16.0494816636521,18.512173108118,2.4626914444659,0.0,2.4626914444659,0.0
validation,validation_006,M2,target_on,J4_D3_P2_joint,16.0494816636521,16.0494816636521,18.512173108118,2.4626914444659,0.0,2.4626914444659,0.0
test,test_000,M1,target_off,J1_D3_delay_only,16.3250744443161,16.3250744443161,18.844420605036,2.5193461607198984,0.0,2.5193461607198984,0.0
test,test_000,M1,target_off,J2_P1_phase_only,16.3250744443161,16.3250744443161,18.844420605036,2.5193461607198984,0.0,2.5193461607198984,0.0
test,test_000,M1,target_off,J3_D3_P1_joint,16.3250744443161,16.3250744443161,18.844420605036,2.5193461607198984,0.0,2.5193461607198984,0.0
test,test_000,M1,target_off,J4_D3_P2_joint,16.3250744443161,16.3250744443161,18.844420605036,2.5193461607198984,0.0,2.5193461607198984,0.0
test,test_000,M1,target_on,J1_D3_delay_only,16.3264899620653,16.3264899620653,18.8480243075735,2.5215343455082007,0.0,2.5215343455082007,0.0
test,test_000,M1,target_on,J2_P1_phase_only,16.3264899620653,16.3264899620653,18.8480243075735,2.5215343455082007,0.0,2.5215343455082007,0.0
test,test_000,M1,target_on,J3_D3_P1_joint,16.3264899620653,16.3264899620653,18.8480243075735,2.5215343455082007,0.0,2.5215343455082007,0.0
test,test_000,M1,target_on,J4_D3_P2_joint,16.3264899620653,16.3264899620653,18.8480243075735,2.5215343455082007,0.0,2.5215343455082007,0.0
test,test_001,M2,target_off,J1_D3_delay_only,23.143779611086,23.143779611086,24.6051455998199,1.461365988733899,0.0,1.461365988733899,0.0
test,test_001,M2,target_off,J2_P1_phase_only,23.143779611086,23.1823842288002,24.6051455998199,1.461365988733899,0.03860461771419921,1.4227613710196998,0.026416803190859497
test,test_001,M2,target_off,J3_D3_P1_joint,23.143779611086,23.1823842288002,24.6051455998199,1.461365988733899,0.03860461771419921,1.4227613710196998,0.026416803190859497
test,test_001,M2,target_off,J4_D3_P2_joint,23.143779611086,23.1824458659449,24.6051455998199,1.461365988733899,0.03866625485889941,1.4226997338749996,0.026458980951376287
test,test_001,M2,target_on,J1_D3_delay_only,23.1408774142934,23.1408774142934,24.6007142632112,1.4598368489177993,0.0,1.4598368489177993,0.0
test,test_001,M2,target_on,J2_P1_phase_only,23.1408774142934,23.1794526686388,24.6007142632112,1.4598368489177993,0.03857525434539966,1.4212615945723996,0.02642435993720539
test,test_001,M2,target_on,J3_D3_P1_joint,23.1408774142934,23.1794526686388,24.6007142632112,1.4598368489177993,0.03857525434539966,1.4212615945723996,0.02642435993720539
test,test_001,M2,target_on,J4_D3_P2_joint,23.1408774142934,23.1795133179146,24.6007142632112,1.4598368489177993,0.03863590362120206,1.4212009452965972,0.026465905179639412
test,test_003,M1+M2,target_off,J1_D3_delay_only,15.2397095093137,15.2397095093137,16.2497932162693,1.0100837069555997,0.0,1.0100837069555997,0.0
test,test_003,M1+M2,target_off,J2_P1_phase_only,15.2397095093137,15.2397095093137,16.2497932162693,1.0100837069555997,0.0,1.0100837069555997,0.0
test,test_003,M1+M2,target_off,J3_D3_P1_joint,15.2397095093137,15.2397095093137,16.2497932162693,1.0100837069555997,0.0,1.0100837069555997,0.0
test,test_003,M1+M2,target_off,J4_D3_P2_joint,15.2397095093137,15.2397095093137,16.2497932162693,1.0100837069555997,0.0,1.0100837069555997,0.0
test,test_003,M1+M2,target_on,J1_D3_delay_only,15.2392188813518,15.2392188813518,16.2482898472024,1.0090709658506007,0.0,1.0090709658506007,0.0
test,test_003,M1+M2,target_on,J2_P1_phase_only,15.2392188813518,15.2392188813518,16.2482898472024,1.0090709658506007,0.0,1.0090709658506007,0.0
test,test_003,M1+M2,target_on,J3_D3_P1_joint,15.2392188813518,15.2392188813518,16.2482898472024,1.0090709658506007,0.0,1.0090709658506007,0.0
test,test_003,M1+M2,target_on,J4_D3_P2_joint,15.2392188813518,15.2392188813518,16.2482898472024,1.0090709658506007,0.0,1.0090709658506007,0.0
test,test_004,M1+M3,target_off,J1_D3_delay_only,7.22665157969665,7.22665157969665,7.712682464985,0.4860308852883497,0.0,0.4860308852883497,0.0
test,test_004,M1+M3,target_off,J2_P1_phase_only,7.22665157969665,7.22665157969665,7.712682464985,0.4860308852883497,0.0,0.4860308852883497,0.0
test,test_004,M1+M3,target_off,J3_D3_P1_joint,7.22665157969665,7.22665157969665,7.712682464985,0.4860308852883497,0.0,0.4860308852883497,0.0
test,test_004,M1+M3,target_off,J4_D3_P2_joint,7.22665157969665,7.22665157969665,7.712682464985,0.4860308852883497,0.0,0.4860308852883497,0.0
test,test_004,M1+M3,target_on,J1_D3_delay_only,7.22549865802804,7.22549865802804,7.71088132247317,0.48538266444512956,0.0,0.48538266444512956,0.0
test,test_004,M1+M3,target_on,J2_P1_phase_only,7.22549865802804,7.22549865802804,7.71088132247317,0.48538266444512956,0.0,0.48538266444512956,0.0
test,test_004,M1+M3,target_on,J3_D3_P1_joint,7.22549865802804,7.22549865802804,7.71088132247317,0.48538266444512956,0.0,0.48538266444512956,0.0
test,test_004,M1+M3,target_on,J4_D3_P2_joint,7.22549865802804,7.22549865802804,7.71088132247317,0.48538266444512956,0.0,0.48538266444512956,0.0
test,test_005,M2+M3,target_off,J1_D3_delay_only,11.783402174679,11.783402174679,13.1072074058726,1.3238052311935995,0.0,1.3238052311935995,0.0
test,test_005,M2+M3,target_off,J2_P1_phase_only,11.783402174679,11.783402174679,13.1072074058726,1.3238052311935995,0.0,1.3238052311935995,0.0
test,test_005,M2+M3,target_off,J3_D3_P1_joint,11.783402174679,11.783402174679,13.1072074058726,1.3238052311935995,0.0,1.3238052311935995,0.0
test,test_005,M2+M3,target_off,J4_D3_P2_joint,11.783402174679,11.783402174679,13.1072074058726,1.3238052311935995,0.0,1.3238052311935995,0.0
test,test_005,M2+M3,target_on,J1_D3_delay_only,11.7831248644561,11.7831248644561,13.1066693320781,1.3235444676219998,0.0,1.3235444676219998,0.0
test,test_005,M2+M3,target_on,J2_P1_phase_only,11.7831248644561,11.7831248644561,13.1066693320781,1.3235444676219998,0.0,1.3235444676219998,0.0
test,test_005,M2+M3,target_on,J3_D3_P1_joint,11.7831248644561,11.7831248644561,13.1066693320781,1.3235444676219998,0.0,1.3235444676219998,0.0
test,test_005,M2+M3,target_on,J4_D3_P2_joint,11.7831248644561,11.7831248644561,13.1066693320781,1.3235444676219998,0.0,1.3235444676219998,0.0
test,test_006,M1+M2+M3,target_off,J1_D3_delay_only,8.26322188425678,8.26322188425678,8.85811818126462,0.5948962970078409,0.0,0.5948962970078409,0.0
test,test_006,M1+M2+M3,target_off,J2_P1_phase_only,8.26322188425678,8.26322188425678,8.85811818126462,0.5948962970078409,0.0,0.5948962970078409,0.0
test,test_006,M1+M2+M3,target_off,J3_D3_P1_joint,8.26322188425678,8.26322188425678,8.85811818126462,0.5948962970078409,0.0,0.5948962970078409,0.0
test,test_006,M1+M2+M3,target_off,J4_D3_P2_joint,8.26322188425678,8.26322188425678,8.85811818126462,0.5948962970078409,0.0,0.5948962970078409,0.0
test,test_006,M1+M2+M3,target_on,J1_D3_delay_only,8.26316652132211,8.26316652132211,8.85809289354348,0.5949263722213693,0.0,0.5949263722213693,0.0
test,test_006,M1+M2+M3,target_on,J2_P1_phase_only,8.26316652132211,8.26316652132211,8.85809289354348,0.5949263722213693,0.0,0.5949263722213693,0.0
test,test_006,M1+M2+M3,target_on,J3_D3_P1_joint,8.26316652132211,8.26316652132211,8.85809289354348,0.5949263722213693,0.0,0.5949263722213693,0.0
test,test_006,M1+M2+M3,target_on,J4_D3_P2_joint,8.26316652132211,8.26316652132211,8.85809289354348,0.5949263722213693,0.0,0.5949263722213693,0.0
test,test_007,M1,target_off,J1_D3_delay_only,13.2087781643858,13.2087781643858,21.8975979056758,8.688819741289999,0.0,8.688819741289999,0.0
test,test_007,M1,target_off,J2_P1_phase_only,13.2087781643858,13.2087781643858,21.8975979056758,8.688819741289999,0.0,8.688819741289999,0.0
test,test_007,M1,target_off,J3_D3_P1_joint,13.2087781643858,13.2087781643858,21.8975979056758,8.688819741289999,0.0,8.688819741289999,0.0
test,test_007,M1,target_off,J4_D3_P2_joint,13.2087781643858,13.2087781643858,21.8975979056758,8.688819741289999,0.0,8.688819741289999,0.0
test,test_007,M1,target_on,J1_D3_delay_only,13.1838696326281,13.1838696326281,21.8947114611521,8.710841828523998,0.0,8.710841828523998,0.0
test,test_007,M1,target_on,J2_P1_phase_only,13.1838696326281,13.1838696326281,21.8947114611521,8.710841828523998,0.0,8.710841828523998,0.0
test,test_007,M1,target_on,J3_D3_P1_joint,13.1838696326281,13.1838696326281,21.8947114611521,8.710841828523998,0.0,8.710841828523998,0.0
test,test_007,M1,target_on,J4_D3_P2_joint,13.1838696326281,13.1838696326281,21.8947114611521,8.710841828523998,0.0,8.710841828523998,0.0
test,test_008,M2,target_off,J1_D3_delay_only,24.0304727292026,24.0304727292026,24.1150876894142,0.08461496021159931,0.0,0.08461496021159931,0.0
test,test_008,M2,target_off,J2_P1_phase_only,24.0304727292026,24.0328498585981,24.1150876894142,0.08461496021159931,0.0023771293955014983,0.08223783081609781,0.028093488309359663
test,test_008,M2,target_off,J3_D3_P1_joint,24.0304727292026,24.0328498585981,24.1150876894142,0.08461496021159931,0.0023771293955014983,0.08223783081609781,0.028093488309359663
test,test_008,M2,target_off,J4_D3_P2_joint,24.0304727292026,24.0330266603125,24.1150876894142,0.08461496021159931,0.0025539311099009865,0.08206102910169832,0.03018297359609093
test,test_008,M2,target_on,J1_D3_delay_only,24.0292298168765,24.0292298168765,24.1138246925608,0.08459487568429935,0.0,0.08459487568429935,0.0
test,test_008,M2,target_on,J2_P1_phase_only,24.0292298168765,24.0316059268165,24.1138246925608,0.08459487568429935,0.002376109939998372,0.08221876574430098,0.02808810723791126
test,test_008,M2,target_on,J3_D3_P1_joint,24.0292298168765,24.0316059268165,24.1138246925608,0.08459487568429935,0.002376109939998372,0.08221876574430098,0.02808810723791126
test,test_008,M2,target_on,J4_D3_P2_joint,24.0292298168765,24.031783922136,24.1138246925608,0.08459487568429935,0.00255410525949884,0.08204077042480051,0.03019219827251164
test,test_010,M1+M2,target_off,J1_D3_delay_only,16.8094918601374,16.8902235745709,17.6228579533232,0.8133660931858024,0.08073171443350091,0.7326343787523015,0.09925630673549463
test,test_010,M1+M2,target_off,J2_P1_phase_only,16.8094918601374,16.8205479769955,17.6228579533232,0.8133660931858024,0.01105611685810004,0.8023099763277024,0.013593038793632647
test,test_010,M1+M2,target_off,J3_D3_P1_joint,16.8094918601374,16.8902235745709,17.6228579533232,0.8133660931858024,0.08073171443350091,0.7326343787523015,0.09925630673549463
test,test_010,M1+M2,target_off,J4_D3_P2_joint,16.8094918601374,16.8902235745709,17.6228579533232,0.8133660931858024,0.08073171443350091,0.7326343787523015,0.09925630673549463
test,test_010,M1+M2,target_on,J1_D3_delay_only,16.8076016393267,16.8883736856794,17.6202798338245,0.8126781944978028,0.08077204635270263,0.7319061481451001,0.09938995152025211
test,test_010,M1+M2,target_on,J2_P1_phase_only,16.8076016393267,16.8186486199119,17.6202798338245,0.8126781944978028,0.011046980585202704,0.8016312139126001,0.013593302564281576
test,test_010,M1+M2,target_on,J3_D3_P1_joint,16.8076016393267,16.8883736856794,17.6202798338245,0.8126781944978028,0.08077204635270263,0.7319061481451001,0.09938995152025211
test,test_010,M1+M2,target_on,J4_D3_P2_joint,16.8076016393267,16.8883736856794,17.6202798338245,0.8126781944978028,0.08077204635270263,0.7319061481451001,0.09938995152025211
test,test_011,M1+M3,target_off,J1_D3_delay_only,9.86030379439663,9.86030379439663,9.89582467625768,0.03552088186104996,0.0,0.03552088186104996,0.0
test,test_011,M1+M3,target_off,J2_P1_phase_only,9.86030379439663,9.86030379439663,9.89582467625768,0.03552088186104996,0.0,0.03552088186104996,0.0
test,test_011,M1+M3,target_off,J3_D3_P1_joint,9.86030379439663,9.86030379439663,9.89582467625768,0.03552088186104996,0.0,0.03552088186104996,0.0
test,test_011,M1+M3,target_off,J4_D3_P2_joint,9.86030379439663,9.90984694514087,9.89582467625768,0.03552088186104996,0.049543150744240094,-0.014022268883190137,1.394761282617989
test,test_011,M1+M3,target_on,J1_D3_delay_only,9.86026524518579,9.86026524518579,9.89581597054307,0.035550725357280655,0.0,0.035550725357280655,0.0
test,test_011,M1+M3,target_on,J2_P1_phase_only,9.86026524518579,9.86026524518579,9.89581597054307,0.035550725357280655,0.0,0.035550725357280655,0.0
test,test_011,M1+M3,target_on,J3_D3_P1_joint,9.86026524518579,9.86026524518579,9.89581597054307,0.035550725357280655,0.0,0.035550725357280655,0.0
test,test_011,M1+M3,target_on,J4_D3_P2_joint,9.86026524518579,9.9099080328475,9.89581597054307,0.035550725357280655,0.049642787661710486,-0.014092062304429831,1.3963931020480242
test,test_012,M2+M3,target_off,J1_D3_delay_only,8.05024684058285,8.05024684058285,8.46799913635219,0.4177522957693416,0.0,0.4177522957693416,0.0
test,test_012,M2+M3,target_off,J2_P1_phase_only,8.05024684058285,8.05024684058285,8.46799913635219,0.4177522957693416,0.0,0.4177522957693416,0.0
test,test_012,M2+M3,target_off,J3_D3_P1_joint,8.05024684058285,8.05024684058285,8.46799913635219,0.4177522957693416,0.0,0.4177522957693416,0.0
test,test_012,M2+M3,target_off,J4_D3_P2_joint,8.05024684058285,8.05024684058285,8.46799913635219,0.4177522957693416,0.0,0.4177522957693416,0.0
test,test_012,M2+M3,target_on,J1_D3_delay_only,8.0502241800681,8.0502241800681,8.46800069469167,0.41777651462357035,0.0,0.41777651462357035,0.0
test,test_012,M2+M3,target_on,J2_P1_phase_only,8.0502241800681,8.0502241800681,8.46800069469167,0.41777651462357035,0.0,0.41777651462357035,0.0
test,test_012,M2+M3,target_on,J3_D3_P1_joint,8.0502241800681,8.0502241800681,8.46800069469167,0.41777651462357035,0.0,0.41777651462357035,0.0
test,test_012,M2+M3,target_on,J4_D3_P2_joint,8.0502241800681,8.0502241800681,8.46800069469167,0.41777651462357035,0.0,0.41777651462357035,0.0
test,test_013,M1+M2+M3,target_off,J1_D3_delay_only,7.31499199530408,7.31499199530408,7.42755994765058,0.11256795234649974,0.0,0.11256795234649974,0.0
test,test_013,M1+M2+M3,target_off,J2_P1_phase_only,7.31499199530408,7.31499199530408,7.42755994765058,0.11256795234649974,0.0,0.11256795234649974,0.0
test,test_013,M1+M2+M3,target_off,J3_D3_P1_joint,7.31499199530408,7.31499199530408,7.42755994765058,0.11256795234649974,0.0,0.11256795234649974,0.0
test,test_013,M1+M2+M3,target_off,J4_D3_P2_joint,7.31499199530408,7.31499199530408,7.42755994765058,0.11256795234649974,0.0,0.11256795234649974,0.0
test,test_013,M1+M2+M3,target_on,J1_D3_delay_only,7.31582616164131,7.31582616164131,7.43118074420452,0.11535458256321007,0.0,0.11535458256321007,0.0
test,test_013,M1+M2+M3,target_on,J2_P1_phase_only,7.31582616164131,7.31582616164131,7.43118074420452,0.11535458256321007,0.0,0.11535458256321007,0.0
test,test_013,M1+M2+M3,target_on,J3_D3_P1_joint,7.31582616164131,7.31582616164131,7.43118074420452,0.11535458256321007,0.0,0.11535458256321007,0.0
test,test_013,M1+M2+M3,target_on,J4_D3_P2_joint,7.31582616164131,7.31582616164131,7.43118074420452,0.11535458256321007,0.0,0.11535458256321007,0.0
test,test_014,M1,target_off,J1_D3_delay_only,17.761516359986,17.9731367190349,17.9500141195257,0.18849775953970038,0.21162035904890075,-0.02312259950920037,1.1226677683897373
test,test_014,M1,target_off,J2_P1_phase_only,17.761516359986,17.761516359986,17.9500141195257,0.18849775953970038,0.0,0.18849775953970038,0.0
test,test_014,M1,target_off,J3_D3_P1_joint,17.761516359986,17.9731367190349,17.9500141195257,0.18849775953970038,0.21162035904890075,-0.02312259950920037,1.1226677683897373
test,test_014,M1,target_off,J4_D3_P2_joint,17.761516359986,17.9731367190349,17.9500141195257,0.18849775953970038,0.21162035904890075,-0.02312259950920037,1.1226677683897373
test,test_014,M1,target_on,J1_D3_delay_only,17.6882446541511,17.8960046199996,17.8728071765122,0.1845625223611016,0.20775996584850276,-0.02319744348740116,1.1256888082728667
test,test_014,M1,target_on,J2_P1_phase_only,17.6882446541511,17.6882446541511,17.8728071765122,0.1845625223611016,0.0,0.1845625223611016,0.0
test,test_014,M1,target_on,J3_D3_P1_joint,17.6882446541511,17.8960046199996,17.8728071765122,0.1845625223611016,0.20775996584850276,-0.02319744348740116,1.1256888082728667
test,test_014,M1,target_on,J4_D3_P2_joint,17.6882446541511,17.8960046199996,17.8728071765122,0.1845625223611016,0.20775996584850276,-0.02319744348740116,1.1256888082728667
test,test_015,M2,target_off,J1_D3_delay_only,21.9488262001166,21.9488262001166,24.3751852777457,2.426359077629101,0.0,2.426359077629101,0.0
test,test_015,M2,target_off,J2_P1_phase_only,21.9488262001166,22.0145050411747,24.3751852777457,2.426359077629101,0.06567884105810151,2.3606802365709996,0.027068887562297295
test,test_015,M2,target_off,J3_D3_P1_joint,21.9488262001166,22.0145050411747,24.3751852777457,2.426359077629101,0.06567884105810151,2.3606802365709996,0.027068887562297295
test,test_015,M2,target_off,J4_D3_P2_joint,21.9488262001166,22.0144917496709,24.3751852777457,2.426359077629101,0.06566554955429993,2.360693528074801,0.027063409599895057
test,test_015,M2,target_on,J1_D3_delay_only,21.9441954593284,21.9441954593284,24.3680369163789,2.4238414570505,0.0,2.4238414570505,0.0
test,test_015,M2,target_on,J2_P1_phase_only,21.9441954593284,22.0098117086942,24.3680369163789,2.4238414570505,0.06561624936579946,2.3582252076847006,0.027071180408658375
test,test_015,M2,target_on,J3_D3_P1_joint,21.9441954593284,22.0098117086942,24.3680369163789,2.4238414570505,0.06561624936579946,2.3582252076847006,0.027071180408658375
test,test_015,M2,target_on,J4_D3_P2_joint,21.9441954593284,22.0097984746078,24.3680369163789,2.4238414570505,0.06560301527939671,2.3582384417711033,0.027065720444944884
test,test_017,M1+M2,target_off,J1_D3_delay_only,21.5924579597287,22.7413105480848,22.7420501319822,1.1495921722534987,1.1488525883560996,0.0007395838973991431,0.9993566554163731
test,test_017,M1+M2,target_off,J2_P1_phase_only,21.5924579597287,21.6010416735517,22.7420501319822,1.1495921722534987,0.008583713822996941,1.1410084584305018,0.007466746930061847
test,test_017,M1+M2,target_off,J3_D3_P1_joint,21.5924579597287,22.7413105480848,22.7420501319822,1.1495921722534987,1.1488525883560996,0.0007395838973991431,0.9993566554163731
test,test_017,M1+M2,target_off,J4_D3_P2_joint,21.5924579597287,22.7413105480848,22.7420501319822,1.1495921722534987,1.1488525883560996,0.0007395838973991431,0.9993566554163731
test,test_017,M1+M2,target_on,J1_D3_delay_only,21.5379889450716,22.6607721948318,22.6602348260567,1.1222458809851013,1.1227832497602002,-0.000537368775098912,1.0004788333681627
test,test_017,M1+M2,target_on,J2_P1_phase_only,21.5379889450716,21.5464606306628,22.6602348260567,1.1222458809851013,0.008471685591199929,1.1137741953939013,0.007548867618710732
test,test_017,M1+M2,target_on,J3_D3_P1_joint,21.5379889450716,22.6607721948318,22.6602348260567,1.1222458809851013,1.1227832497602002,-0.000537368775098912,1.0004788333681627
test,test_017,M1+M2,target_on,J4_D3_P2_joint,21.5379889450716,22.6607721948318,22.6602348260567,1.1222458809851013,1.1227832497602002,-0.000537368775098912,1.0004788333681627
test,test_018,M1+M3,target_off,J1_D3_delay_only,7.49022308269654,7.66154262776348,7.64763866538908,0.15741558269254075,0.17131954506694047,-0.013903962374399725,1.0883264676633477
test,test_018,M1+M3,target_off,J2_P1_phase_only,7.49022308269654,7.49022308269654,7.64763866538908,0.15741558269254075,0.0,0.15741558269254075,0.0
test,test_018,M1+M3,target_off,J3_D3_P1_joint,7.49022308269654,7.66154262776348,7.64763866538908,0.15741558269254075,0.17131954506694047,-0.013903962374399725,1.0883264676633477
test,test_018,M1+M3,target_off,J4_D3_P2_joint,7.49022308269654,7.49022308269654,7.64763866538908,0.15741558269254075,0.0,0.15741558269254075,0.0
test,test_018,M1+M3,target_on,J1_D3_delay_only,7.49008452566076,7.661562282007,7.64760467620428,0.15752015054352064,0.17147775634624018,-0.013957605802719542,1.0886083828294923
test,test_018,M1+M3,target_on,J2_P1_phase_only,7.49008452566076,7.49008452566076,7.64760467620428,0.15752015054352064,0.0,0.15752015054352064,0.0
test,test_018,M1+M3,target_on,J3_D3_P1_joint,7.49008452566076,7.661562282007,7.64760467620428,0.15752015054352064,0.17147775634624018,-0.013957605802719542,1.0886083828294923
test,test_018,M1+M3,target_on,J4_D3_P2_joint,7.49008452566076,7.49008452566076,7.64760467620428,0.15752015054352064,0.0,0.15752015054352064,0.0
test,test_019,M2+M3,target_off,J1_D3_delay_only,10.6955024831304,10.6955024831304,10.7856301656575,0.09012768252709868,0.0,0.09012768252709868,0.0
test,test_019,M2+M3,target_off,J2_P1_phase_only,10.6955024831304,10.6955024831304,10.7856301656575,0.09012768252709868,0.0,0.09012768252709868,0.0
test,test_019,M2+M3,target_off,J3_D3_P1_joint,10.6955024831304,10.6955024831304,10.7856301656575,0.09012768252709868,0.0,0.09012768252709868,0.0
test,test_019,M2+M3,target_off,J4_D3_P2_joint,10.6955024831304,10.6955024831304,10.7856301656575,0.09012768252709868,0.0,0.09012768252709868,0.0
test,test_019,M2+M3,target_on,J1_D3_delay_only,10.6954764863202,10.6954764863202,10.7855408976149,0.09006441129470133,0.0,0.09006441129470133,0.0
test,test_019,M2+M3,target_on,J2_P1_phase_only,10.6954764863202,10.6954764863202,10.7855408976149,0.09006441129470133,0.0,0.09006441129470133,0.0
test,test_019,M2+M3,target_on,J3_D3_P1_joint,10.6954764863202,10.6954764863202,10.7855408976149,0.09006441129470133,0.0,0.09006441129470133,0.0
test,test_019,M2+M3,target_on,J4_D3_P2_joint,10.6954764863202,10.6954764863202,10.7855408976149,0.09006441129470133,0.0,0.09006441129470133,0.0
test,test_020,M1+M2+M3,target_off,J1_D3_delay_only,7.08862165100312,7.08862165100312,7.57532033547322,0.4866986844701007,0.0,0.4866986844701007,0.0
test,test_020,M1+M2+M3,target_off,J2_P1_phase_only,7.08862165100312,7.08862165100312,7.57532033547322,0.4866986844701007,0.0,0.4866986844701007,0.0
test,test_020,M1+M2+M3,target_off,J3_D3_P1_joint,7.08862165100312,7.08862165100312,7.57532033547322,0.4866986844701007,0.0,0.4866986844701007,0.0
test,test_020,M1+M2+M3,target_off,J4_D3_P2_joint,7.08862165100312,7.08862165100312,7.57532033547322,0.4866986844701007,0.0,0.4866986844701007,0.0
test,test_020,M1+M2+M3,target_on,J1_D3_delay_only,7.08870739299079,7.08870739299079,7.5753037831125,0.4865963901217105,0.0,0.4865963901217105,0.0
test,test_020,M1+M2+M3,target_on,J2_P1_phase_only,7.08870739299079,7.08870739299079,7.5753037831125,0.4865963901217105,0.0,0.4865963901217105,0.0
test,test_020,M1+M2+M3,target_on,J3_D3_P1_joint,7.08870739299079,7.08870739299079,7.5753037831125,0.4865963901217105,0.0,0.4865963901217105,0.0
test,test_020,M1+M2+M3,target_on,J4_D3_P2_joint,7.08870739299079,7.08870739299079,7.5753037831125,0.4865963901217105,0.0,0.4865963901217105,0.0
test,test_021,M1,target_off,J1_D3_delay_only,24.3911793262994,24.3750884764292,24.2311300437808,-0.1600492825185995,-0.016090849870199264,-0.14395843264840025,
test,test_021,M1,target_off,J2_P1_phase_only,24.3911793262994,24.3911793262994,24.2311300437808,-0.1600492825185995,0.0,-0.1600492825185995,
test,test_021,M1,target_off,J3_D3_P1_joint,24.3911793262994,24.3750884764292,24.2311300437808,-0.1600492825185995,-0.016090849870199264,-0.14395843264840025,
test,test_021,M1,target_off,J4_D3_P2_joint,24.3911793262994,24.3750884764292,24.2311300437808,-0.1600492825185995,-0.016090849870199264,-0.14395843264840025,
test,test_021,M1,target_on,J1_D3_delay_only,24.3910350535675,24.3749239047797,24.2309603100646,-0.16007474350289996,-0.01611114878780029,-0.14396359471509967,
test,test_021,M1,target_on,J2_P1_phase_only,24.3910350535675,24.3910350535675,24.2309603100646,-0.16007474350289996,0.0,-0.16007474350289996,
test,test_021,M1,target_on,J3_D3_P1_joint,24.3910350535675,24.3749239047797,24.2309603100646,-0.16007474350289996,-0.01611114878780029,-0.14396359471509967,
test,test_021,M1,target_on,J4_D3_P2_joint,24.3910350535675,24.3749239047797,24.2309603100646,-0.16007474350289996,-0.01611114878780029,-0.14396359471509967,
test,test_022,M2,target_off,J1_D3_delay_only,17.2555619937465,17.2555619937465,23.1994461174936,5.9438841237471,0.0,5.9438841237471,0.0
test,test_022,M2,target_off,J2_P1_phase_only,17.2555619937465,17.2555619937465,23.1994461174936,5.9438841237471,0.0,5.9438841237471,0.0
test,test_022,M2,target_off,J3_D3_P1_joint,17.2555619937465,17.2555619937465,23.1994461174936,5.9438841237471,0.0,5.9438841237471,0.0
test,test_022,M2,target_off,J4_D3_P2_joint,17.2555619937465,17.2555619937465,23.1994461174936,5.9438841237471,0.0,5.9438841237471,0.0
test,test_022,M2,target_on,J1_D3_delay_only,17.2554992590598,17.2554992590598,23.200266993924,5.9447677348642,0.0,5.9447677348642,0.0
test,test_022,M2,target_on,J2_P1_phase_only,17.2554992590598,17.2554992590598,23.200266993924,5.9447677348642,0.0,5.9447677348642,0.0
test,test_022,M2,target_on,J3_D3_P1_joint,17.2554992590598,17.2554992590598,23.200266993924,5.9447677348642,0.0,5.9447677348642,0.0
test,test_022,M2,target_on,J4_D3_P2_joint,17.2554992590598,17.2554992590598,23.200266993924,5.9447677348642,0.0,5.9447677348642,0.0
test,test_024,M1+M2,target_off,J1_D3_delay_only,14.2409039055547,14.2409039055547,17.3370858481461,3.0961819425913983,0.0,3.0961819425913983,0.0
test,test_024,M1+M2,target_off,J2_P1_phase_only,14.2409039055547,14.2409039055547,17.3370858481461,3.0961819425913983,0.0,3.0961819425913983,0.0
test,test_024,M1+M2,target_off,J3_D3_P1_joint,14.2409039055547,14.2409039055547,17.3370858481461,3.0961819425913983,0.0,3.0961819425913983,0.0
test,test_024,M1+M2,target_off,J4_D3_P2_joint,14.2409039055547,14.2409039055547,17.3370858481461,3.0961819425913983,0.0,3.0961819425913983,0.0
test,test_024,M1+M2,target_on,J1_D3_delay_only,14.0629849297057,14.0629849297057,16.9897854994248,2.926800569719102,0.0,2.926800569719102,0.0
test,test_024,M1+M2,target_on,J2_P1_phase_only,14.0629849297057,14.0629849297057,16.9897854994248,2.926800569719102,0.0,2.926800569719102,0.0
test,test_024,M1+M2,target_on,J3_D3_P1_joint,14.0629849297057,14.0629849297057,16.9897854994248,2.926800569719102,0.0,2.926800569719102,0.0
test,test_024,M1+M2,target_on,J4_D3_P2_joint,14.0629849297057,14.0629849297057,16.9897854994248,2.926800569719102,0.0,2.926800569719102,0.0
test,test_025,M1+M3,target_off,J1_D3_delay_only,8.91413564673188,8.91413564673188,8.91852968691194,0.004394040180059733,0.0,0.004394040180059733,0.0
test,test_025,M1+M3,target_off,J2_P1_phase_only,8.91413564673188,8.91413564673188,8.91852968691194,0.004394040180059733,0.0,0.004394040180059733,0.0
test,test_025,M1+M3,target_off,J3_D3_P1_joint,8.91413564673188,8.91413564673188,8.91852968691194,0.004394040180059733,0.0,0.004394040180059733,0.0
test,test_025,M1+M3,target_off,J4_D3_P2_joint,8.91413564673188,8.91413564673188,8.91852968691194,0.004394040180059733,0.0,0.004394040180059733,0.0
test,test_025,M1+M3,target_on,J1_D3_delay_only,8.91493796604546,8.91493796604546,8.91924167124678,0.00430370520131973,0.0,0.00430370520131973,0.0
test,test_025,M1+M3,target_on,J2_P1_phase_only,8.91493796604546,8.91493796604546,8.91924167124678,0.00430370520131973,0.0,0.00430370520131973,0.0
test,test_025,M1+M3,target_on,J3_D3_P1_joint,8.91493796604546,8.91493796604546,8.91924167124678,0.00430370520131973,0.0,0.00430370520131973,0.0
test,test_025,M1+M3,target_on,J4_D3_P2_joint,8.91493796604546,8.91493796604546,8.91924167124678,0.00430370520131973,0.0,0.00430370520131973,0.0
test,test_026,M2+M3,target_off,J1_D3_delay_only,7.69907286382024,7.69907286382024,8.21972910763377,0.5206562438135292,0.0,0.5206562438135292,0.0
test,test_026,M2+M3,target_off,J2_P1_phase_only,7.69907286382024,7.71471842155607,8.21972910763377,0.5206562438135292,0.015645557735829208,0.5050106860776999,0.030049688103678248
test,test_026,M2+M3,target_off,J3_D3_P1_joint,7.69907286382024,7.71471842155607,8.21972910763377,0.5206562438135292,0.015645557735829208,0.5050106860776999,0.030049688103678248
test,test_026,M2+M3,target_off,J4_D3_P2_joint,7.69907286382024,7.71472473772917,8.21972910763377,0.5206562438135292,0.015651873908929304,0.5050043699045998,0.030061819280774737
test,test_026,M2+M3,target_on,J1_D3_delay_only,7.70004128272777,7.70004128272777,8.22023411850402,0.5201928357762506,0.0,0.5201928357762506,0.0
test,test_026,M2+M3,target_on,J2_P1_phase_only,7.70004128272777,7.71550040883554,8.22023411850402,0.5201928357762506,0.015459126107770338,0.5047337096684803,0.02971806807893013
test,test_026,M2+M3,target_on,J3_D3_P1_joint,7.70004128272777,7.71550040883554,8.22023411850402,0.5201928357762506,0.015459126107770338,0.5047337096684803,0.02971806807893013
test,test_026,M2+M3,target_on,J4_D3_P2_joint,7.70004128272777,7.71550648919592,8.22023411850402,0.5201928357762506,0.015465206468149972,0.5047276293081007,0.02972975674505826
test,test_027,M1+M2+M3,target_off,J1_D3_delay_only,9.72611190617606,9.72611190617606,10.4702862265354,0.7441743203593401,0.0,0.7441743203593401,0.0
test,test_027,M1+M2+M3,target_off,J2_P1_phase_only,9.72611190617606,9.72611190617606,10.4702862265354,0.7441743203593401,0.0,0.7441743203593401,0.0
test,test_027,M1+M2+M3,target_off,J3_D3_P1_joint,9.72611190617606,9.72611190617606,10.4702862265354,0.7441743203593401,0.0,0.7441743203593401,0.0
test,test_027,M1+M2+M3,target_off,J4_D3_P2_joint,9.72611190617606,9.72611190617606,10.4702862265354,0.7441743203593401,0.0,0.7441743203593401,0.0
test,test_027,M1+M2+M3,target_on,J1_D3_delay_only,9.72610979009404,9.72610979009404,10.4702709415115,0.74416115141746,0.0,0.74416115141746,0.0
test,test_027,M1+M2+M3,target_on,J2_P1_phase_only,9.72610979009404,9.72610979009404,10.4702709415115,0.74416115141746,0.0,0.74416115141746,0.0
test,test_027,M1+M2+M3,target_on,J3_D3_P1_joint,9.72610979009404,9.72610979009404,10.4702709415115,0.74416115141746,0.0,0.74416115141746,0.0
test,test_027,M1+M2+M3,target_on,J4_D3_P2_joint,9.72610979009404,9.72610979009404,10.4702709415115,0.74416115141746,0.0,0.74416115141746,0.0
test,test_028,M1,target_off,J1_D3_delay_only,22.9499225265937,22.9499225265937,23.255579295725,0.3056567691312999,0.0,0.3056567691312999,0.0
test,test_028,M1,target_off,J2_P1_phase_only,22.9499225265937,22.9499225265937,23.255579295725,0.3056567691312999,0.0,0.3056567691312999,0.0
test,test_028,M1,target_off,J3_D3_P1_joint,22.9499225265937,22.9499225265937,23.255579295725,0.3056567691312999,0.0,0.3056567691312999,0.0
test,test_028,M1,target_off,J4_D3_P2_joint,22.9499225265937,22.9499225265937,23.255579295725,0.3056567691312999,0.0,0.3056567691312999,0.0
test,test_028,M1,target_on,J1_D3_delay_only,22.9466705432789,22.9466705432789,23.2515436513999,0.30487310812100077,0.0,0.30487310812100077,0.0
test,test_028,M1,target_on,J2_P1_phase_only,22.9466705432789,22.9466705432789,23.2515436513999,0.30487310812100077,0.0,0.30487310812100077,0.0
test,test_028,M1,target_on,J3_D3_P1_joint,22.9466705432789,22.9466705432789,23.2515436513999,0.30487310812100077,0.0,0.30487310812100077,0.0
test,test_028,M1,target_on,J4_D3_P2_joint,22.9466705432789,22.9466705432789,23.2515436513999,0.30487310812100077,0.0,0.30487310812100077,0.0
test,test_029,M2,target_off,J1_D3_delay_only,23.5644877494188,23.5644877494188,23.7488750209409,0.18438727152210177,0.0,0.18438727152210177,0.0
test,test_029,M2,target_off,J2_P1_phase_only,23.5644877494188,23.569157772417,23.7488750209409,0.18438727152210177,0.004670022998201517,0.17971724852390025,0.025327252579046597
test,test_029,M2,target_off,J3_D3_P1_joint,23.5644877494188,23.569157772417,23.7488750209409,0.18438727152210177,0.004670022998201517,0.17971724852390025,0.025327252579046597
test,test_029,M2,target_off,J4_D3_P2_joint,23.5644877494188,23.5692264299855,23.7488750209409,0.18438727152210177,0.004738680566699571,0.1796485909554022,0.025699607828578146
test,test_029,M2,target_on,J1_D3_delay_only,23.5533626180608,23.5533626180608,23.7371315847925,0.1837689667317015,0.0,0.1837689667317015,0.0
test,test_029,M2,target_on,J2_P1_phase_only,23.5533626180608,23.5580186636178,23.7371315847925,0.1837689667317015,0.004656045557002386,0.17911292117469912,0.02533640820759528
test,test_029,M2,target_on,J3_D3_P1_joint,23.5533626180608,23.5580186636178,23.7371315847925,0.1837689667317015,0.004656045557002386,0.17911292117469912,0.02533640820759528
test,test_029,M2,target_on,J4_D3_P2_joint,23.5533626180608,23.5580871273365,23.7371315847925,0.1837689667317015,0.004724509275700228,0.17904445745600128,0.025708961418920658
test,test_031,M1+M2,target_off,J1_D3_delay_only,23.123995747742,23.2809731200446,23.7717384963582,0.6477427486161993,0.1569773723025989,0.4907653763136004,0.24234524066530488
test,test_031,M1+M2,target_off,J2_P1_phase_only,23.123995747742,23.1365596489208,23.7717384963582,0.6477427486161993,0.012563901178801018,0.6351788474373983,0.019396436634206746
test,test_031,M1+M2,target_off,J3_D3_P1_joint,23.123995747742,23.2809731200446,23.7717384963582,0.6477427486161993,0.1569773723025989,0.4907653763136004,0.24234524066530488
test,test_031,M1+M2,target_off,J4_D3_P2_joint,23.123995747742,23.2809731200446,23.7717384963582,0.6477427486161993,0.1569773723025989,0.4907653763136004,0.24234524066530488
test,test_031,M1+M2,target_on,J1_D3_delay_only,23.1239370021219,23.2809222786163,23.7716550917836,0.6477180896617014,0.15698527649439953,0.4907328131673019,0.24236667000668738
test,test_031,M1+M2,target_on,J2_P1_phase_only,23.1239370021219,23.136499215985,23.7716550917836,0.6477180896617014,0.0125622138631023,0.6351558757985991,0.019394570050781594
test,test_031,M1+M2,target_on,J3_D3_P1_joint,23.1239370021219,23.2809222786163,23.7716550917836,0.6477180896617014,0.15698527649439953,0.4907328131673019,0.24236667000668738
test,test_031,M1+M2,target_on,J4_D3_P2_joint,23.1239370021219,23.2809222786163,23.7716550917836,0.6477180896617014,0.15698527649439953,0.4907328131673019,0.24236667000668738
